date,temperature,humidity,wind_speed,traffic_density,industrial_emissions,green_cover_index,ndvi_satellite_index,day_of_week,is_weekend,aqi,aqi_lag_1,aqi_lag_2,aqi_lag_3,aqi_rolling_7d_avg
2025-06-06 20:01:43.170869,33.98685661204493,60.987795281141636,12.979226275488408,68.78925129837127,57.23088032032452,42.209703247847045,0.7763761853079199,4,0,252.2068131512307,257.4737069467644,257.4737069467644,257.4737069467644,252.2068131512307
2025-06-07 20:01:43.170869,31.446942795315262,67.24092481810416,7.10813611192484,71.17952785474137,35.51403527421269,34.54800461278577,0.31815542267205704,5,1,206.0325916902472,252.2068131512307,257.4737069467644,257.4737069467644,229.11970242073895
2025-06-08 20:01:43.170869,34.590754152402766,65.12592400781794,14.04126377857236,40.026989732018386,55.819534854279496,47.054661898731354,0.7708578862170994,6,1,164.59237083707683,206.0325916902472,252.2068131512307,257.4737069467644,207.6105918928516
2025-06-09 20:01:43.170869,38.0921194256321,65.97676098548831,3.4870819788107976,83.74491512053723,42.989590915814,39.50705933857869,0.7968915763795708,0,0,242.66285355865705,164.59237083707683,206.0325916902472,252.2068131512307,216.37365730930293
2025-06-10 20:01:43.170869,31.063386501106656,57.26990216144534,17.14577818662822,75.19732713846989,48.389531003905546,40.09424811472424,0.6270336834476293,1,0,233.8145302200391,242.66285355865705,164.59237083707683,206.0325916902472,219.86183189145018
2025-06-11 20:01:43.170869,31.063452172203277,65.24510174258943,14.362987412065216,84.97015164789478,71.7715680884122,43.541072116282784,0.7886862390750933,2,0,293.80451317179336,233.8145302200391,242.66285355865705,164.59237083707683,232.18561210484071
2025-06-12 20:01:43.170869,38.316851262029566,69.9799829124545,13.280148671569378,26.556169327094658,93.39809008702812,41.16608065631751,0.5417238677402623,3,0,256.5462615109642,293.80451317179336,233.8145302200391,242.66285355865705,235.66570487714404
2025-06-13 20:01:43.170869,35.069738916611634,79.51143607795042,16.91345491972757,100.0,67.89343059645962,44.76568316956622,0.3557250699056542,4,0,297.63129791524034,256.5462615109642,293.80451317179336,233.8145302200391,242.1549169862883
2025-06-14 20:01:43.170869,30.12210245626019,74.59270826085206,20.32737222231288,67.9061555776724,36.08233875929631,41.43562082600912,0.4621975313993726,5,1,167.49673935408117,297.63129791524034,256.5462615109642,293.80451317179336,236.64979522397886
2025-06-15 20:01:43.170869,34.17024017434386,86.53182457511556,17.07185032509065,86.62274225106275,68.89205336440281,36.93781312679781,0.5561365612272716,6,1,275.4805476197815,167.49673935408117,297.63129791524034,256.5462615109642,252.49096333579382
2025-06-16 20:01:43.170869,30.14632922875015,57.326524371119504,2.795628843341774,54.401411093117034,83.93262973291303,41.80751762603051,0.243848937216209,0,0,323.16769416296694,275.4805476197815,167.49673935408117,297.63129791524034,263.9916548506952
2025-06-17 20:01:43.170869,30.137080985718974,73.72320636720679,5.602115166321492,79.19160857593855,47.804341913612355,34.28136896339669,0.5734059587703477,1,0,263.0918130026016,323.16769416296694,275.4805476197815,167.49673935408117,268.1741238196327
2025-06-18 20:01:43.170869,32.96784908626414,66.83342005738352,8.875907111521606,54.198766552395156,57.31965666654165,40.542798528882614,0.7887067020573768,2,0,234.09102229133555,263.0918130026016,323.16769416296694,275.4805476197815,259.64362512242445
2025-06-19 20:01:43.170869,24.346879021368807,86.89802933217672,12.130455251054169,60.64346558956292,60.29376389458394,39.8338500467777,0.3140645898702366,3,0,245.21676605071278,234.09102229133555,263.0918130026016,323.16769416296694,258.02512577095996
2025-06-20 20:01:43.170869,25.10032866994787,56.91701714644849,14.588295102345615,98.71047030800179,44.3020337383552,38.9594157136373,0.67555706977303,4,0,274.97472944990363,245.21676605071278,234.09102229133555,263.0918130026016,254.78847313305477
2025-06-21 20:01:43.170869,29.75084988303611,56.602781578192236,8.371280934232672,67.1397639885498,72.96560867687718,39.357312442805345,0.7447392762677718,5,1,258.06341121120005,274.97472944990363,245.21676605071278,234.09102229133555,267.7265691126432
2025-06-22 20:01:43.170869,27.948675518662306,59.00607354555978,12.933833822385392,73.26149309769585,57.58103702784437,30.590754772511804,0.7662209556921327,6,1,226.71505606198488,258.06341121120005,274.97472944990363,245.21676605071278,260.76007031867226
2025-06-23 20:01:43.170869,33.256989330381096,43.76104275690193,8.223085338233387,83.05101596033131,68.39064887814055,37.25637546129519,0.7760813626432683,0,0,294.22258139715194,226.71505606198488,258.06341121120005,274.97472944990363,256.6250542092701
2025-06-24 20:01:43.170869,28.367903697915157,59.74244978319239,8.942410985040258,77.43522831958907,42.250156443958,40.46422450570557,0.5128757832328832,1,0,247.52185023643725,294.22258139715194,226.71505606198488,258.06341121120005,254.40077381410373
2025-06-25 20:01:43.170869,26.350785194658833,57.40867338446302,4.966694515758888,72.25628357715365,51.25083399353179,40.799281959987,0.7863847447949024,2,0,242.66460941901036,247.52185023643725,294.22258139715194,226.71505606198488,255.62557197520013
2025-06-26 20:01:43.170869,37.862595075686215,66.50393786476208,7.383833769445479,75.47441503699338,74.44762715655543,34.861624295370206,0.6543861242806635,3,0,309.30419215989036,242.66460941901036,247.52185023643725,294.22258139715194,264.7809185622255
2025-06-27 20:01:43.170869,31.096894798053857,68.4175597577716,5.241576971918332,100.0,52.54333695816466,46.328539204323505,0.29700286174217716,4,0,315.2701944675607,309.30419215989036,242.66460941901036,247.52185023643725,270.53741356474796
2025-06-28 20:01:43.170869,32.2701128187517,83.76170839215887,7.120633735113336,69.13571804449622,94.53927702466811,35.66912575892749,0.48614006388078207,5,1,319.58782156391584,315.2701944675607,309.30419215989036,242.66460941901036,279.32661504370736
2025-06-29 20:01:43.170869,26.301007255146175,74.5042383818605,17.268208983039198,73.01648570072452,52.00727628770795,44.84728600263368,0.6309987052232024,6,1,217.8890957493503,319.58782156391584,315.2701944675607,309.30419215989036,278.06576357047385
2025-06-30 20:01:43.170869,29.82246910189927,59.23096344337597,7.253005555840285,85.75981594011418,64.49369451503772,42.13597180935842,0.34840418949145,0,0,298.87556892947777,217.8890957493503,319.58782156391584,315.2701944675607,278.73047607509176
2025-07-01 20:01:43.170869,32.44369035883946,56.01585328651642,25.161910324186955,86.58288899436975,78.65181663746179,36.768863450780984,0.5843691101293325,1,0,276.7932214069331,298.87556892947777,217.8890957493503,319.58782156391584,282.9121005280198
2025-07-02 20:01:43.170869,27.39602569031079,69.91919171506505,14.466589504404446,87.8054545834057,31.632685341339368,48.87655446304756,0.5999602874279716,2,0,220.50234058430686,276.7932214069331,298.87556892947777,217.8890957493503,279.74606212306213
2025-07-03 20:01:43.170869,33.502792073382686,51.797667929793576,12.92418061847437,79.58095333043777,24.78382376038448,34.0318158412176,0.29761984628513954,3,0,192.8538707635962,220.50234058430686,276.7932214069331,298.87556892947777,263.1103019235915
2025-07-04 20:01:43.170869,29.59744524032478,83.31458765854353,7.7082110990939325,52.854926309042746,29.486873708598104,44.59577086805001,0.5390511874716538,4,0,161.1647691035359,192.8538707635962,220.50234058430686,276.7932214069331,241.0952411573023
2025-07-05 20:01:43.170869,30.833225000826893,76.79440120721287,15.501549397044958,94.50147298451644,85.25168206854364,45.00291159021489,0.6629761465871646,5,1,324.3573612320161,161.1647691035359,192.8538707635962,220.50234058430686,241.7766039670309
2025-07-06 20:01:43.170869,29.593173551082412,60.30824347895295,9.121810868811131,52.804819104719684,48.96283708215107,36.64689895461677,0.4993373987215652,6,1,214.6345398891598,324.3573612320161,161.1647691035359,192.8538707635962,241.3116674155751
2025-07-07 20:01:43.170869,39.40911273803575,47.868654709091224,12.610049073226808,74.5395319785855,100.0,46.962326500321645,0.20726187006566446,0,0,354.1028443649339,214.6345398891598,324.3573612320161,161.1647691035359,249.20127819206886
2025-07-08 20:01:43.170869,31.946011101048263,78.53872374165412,24.800422691343975,58.68586224970963,48.71504802685223,38.74976742700524,0.20542308144757532,1,0,191.58743928602811,354.1028443649339,214.6345398891598,324.3573612320161,237.02902360336813
2025-07-09 20:01:43.170869,27.769156284176397,63.85460154747382,11.51970050137675,69.0379248011051,63.69102606394074,41.44346814639928,0.41421760638200733,2,0,278.65309028647084,191.58743928602811,354.1028443649339,214.6345398891598,245.33627356082016
2025-07-10 20:01:43.170869,35.29017964841275,77.37816311973462,17.74636663142838,74.9314361545522,90.84219905135751,41.3016091938561,0.7557164410590693,3,0,298.2338501684174,278.65309028647084,191.58743928602811,354.1028443649339,260.3905563329374
2025-07-11 20:01:43.170869,27.11662540011591,49.05572341205633,8.484117874370563,74.8203582317541,100.0,39.32845629264726,0.33720606776216533,4,0,345.8286470816862,298.2338501684174,278.65309028647084,191.58743928602811,286.77111032981605
2025-07-12 20:01:43.170869,32.83545438001902,59.00624977046227,11.825057547515192,76.32881131352927,100.0,44.05404136579891,0.5806182133230123,5,1,341.0061181289099,345.8286470816862,298.2338501684174,278.65309028647084,289.14950417222946
2025-07-13 20:01:43.170869,24.161319504480897,65.05243699718183,20.85400317817755,94.20566903587971,84.16732461186285,43.967443602761065,0.33324552241599237,6,1,309.6818207769851,341.0061181289099,345.8286470816862,298.2338501684174,302.7276871562045
2025-07-14 20:01:43.170869,26.687255804406277,65.46980593764742,8.865164711061162,76.8030145227097,80.48125051622925,31.257340133809095,0.3930019937957292,0,0,331.2064465201038,309.6818207769851,341.0061181289099,345.8286470816862,299.4567731783717
2025-07-15 20:01:43.170869,32.787444943476494,60.49934528520756,21.062242789984644,66.33765047064027,71.85053898402366,46.52170121439076,0.7088252537608906,1,0,229.27825277017786,331.2064465201038,309.6818207769851,341.0061181289099,304.8411751046787
2025-07-16 20:01:43.170869,34.95386631998164,71.22849932347499,15.538759677277376,84.46130752432536,75.56722152333276,31.68754005982163,0.6373168653619682,2,0,288.3301924279063,229.27825277017786,331.2064465201038,309.6818207769851,306.22361826774096
2025-07-17 20:01:43.170869,32.68547312475988,54.32379570617405,9.187666120528661,87.8420573338696,48.97628567342933,45.16273102170829,0.2572395663879264,3,0,280.5153622155251,288.3301924279063,229.27825277017786,331.2064465201038,303.692405703042
2025-07-18 20:01:43.170869,31.53740687044704,63.576205149787064,15.162038695277605,51.58588277294511,43.63602233155386,45.633525684137915,0.4572212125918602,4,0,197.97457612663698,280.5153622155251,288.3301924279063,229.27825277017786,282.5703955666064
2025-07-19 20:01:43.170869,30.795585217642845,66.20295631711899,16.86277224813365,78.96100104774787,59.93251085178096,34.54516784892401,0.2175018581871587,5,1,263.49230039495086,197.97457612663698,280.5153622155251,288.3301924279063,271.49699303318374
2025-07-20 20:01:43.170869,26.08591203853029,70.14438834058748,15.109049811085981,80.51759113466348,56.59630754950143,37.945928560227074,0.4885340879618055,6,1,246.33148834178184,263.49230039495086,197.97457612663698,280.5153622155251,262.4469455424404
2025-07-21 20:01:43.170869,29.120623166421165,72.11614878088889,4.148876400547718,65.53654744960012,50.9354390134545,34.47147665757032,0.5974604070206408,0,0,253.08655912611695,246.33148834178184,263.49230039495086,197.97457612663698,251.2869616290137
2025-07-22 20:01:43.170869,30.15744491616085,53.75357908162131,8.364314120875658,90.6356021996743,73.92774894913431,38.92539484855632,0.27110157415889097,1,0,330.94977569860265,253.08655912611695,246.33148834178184,263.49230039495086,265.81146490450294
2025-07-23 20:01:43.170869,36.22848890487566,49.65885829264378,10.762406822242475,67.7491661945121,79.10610417141021,38.45982857907129,0.3733309633454994,2,0,320.7533051801004,330.94977569860265,253.08655912611695,246.33148834178184,270.4433381548164
2025-07-24 20:01:43.170869,33.374473158273844,77.7767682189851,11.627832854499768,71.88364680207313,61.768137725836944,43.8983026613467,0.4387019753012942,3,0,259.7881062839273,320.7533051801004,330.94977569860265,253.08655912611695,267.48230159315955
2025-07-25 20:01:43.170869,24.947839378549062,68.32314011979592,15.10336048775339,67.40392263574195,89.55060162110524,46.55154373059804,0.7517186147936299,4,0,300.96124874746494,259.7881062839273,320.7533051801004,330.94977569860265,282.194683396135
2025-07-26 20:01:43.170869,33.29633587757918,57.51513463443446,12.88850500466627,70.23368571372201,37.1662177173299,46.97841905394978,0.7959530092537785,5,1,180.3531908088732,300.96124874746494,259.7881062839273,320.7533051801004,270.317667740981
2025-07-27 20:01:43.170869,30.459670878334734,80.51151975522524,5.323278206449494,53.55587369657197,56.12681081440564,37.189159867108486,0.2269467793973695,6,1,243.04845417284187,180.3531908088732,300.96124874746494,259.7881062839273,269.8486628597039
2025-07-28 20:01:43.170869,29.292311998776164,66.15674634292859,13.900989255029817,48.39923676108559,45.6635535879439,38.95389063127736,0.6566047540972353,0,0,178.75132686253497,243.04845417284187,180.3531908088732,300.96124874746494,259.2293439649065
2025-07-29 20:01:43.170869,34.446705155363475,76.79297184063826,15.052928726419115,93.91757594837458,22.6692676585388,31.58280903889525,0.423034439841406,1,0,225.55305379103584,178.75132686253497,243.04845417284187,180.3531908088732,244.17266940668267
2025-07-30 20:01:43.170869,36.1239980899838,65.67518481410109,14.798952239655199,57.29557977522508,58.34638628314602,35.970649667519055,0.43547491173768804,2,0,236.75756279109808,225.55305379103584,178.75132686253497,243.04845417284187,232.17327763682516
2025-07-31 20:01:43.170869,35.725120476464795,85.60747924881987,17.403903627773108,55.129114758155396,57.56504983233433,44.82425816548729,0.6525589840082138,3,0,235.04619518304176,236.75756279109808,225.55305379103584,178.75132686253497,228.63871890812723
2025-08-01 20:01:43.170869,28.643129907109447,82.55340842443204,16.16961077274452,37.699148295944276,90.26899486484263,48.07791411774116,0.7510558592872454,4,0,250.64237794396186,235.04619518304176,236.75756279109808,225.55305379103584,221.45030879334107
2025-08-02 20:01:43.170869,30.76315049659514,62.51035851520926,14.295900396142184,60.41557378465747,72.61623369109554,33.82825564060039,0.7705571567015292,5,1,246.63059877854897,250.64237794396186,235.04619518304176,236.75756279109808,230.91850993186623
2025-08-03 20:01:43.170869,33.325053725614254,74.71570950954356,11.649171442706765,50.153653098887524,39.5162635134159,37.03767870423553,0.5462735516229925,6,1,167.61783557790642,246.63059877854897,250.64237794396186,235.04619518304176,220.14270727544684
2025-08-04 20:01:43.170869,35.90218050848944,71.45375949585147,3.6951953324200435,94.63022740204553,97.08185132668376,39.867971215205365,0.4142726955803017,0,0,394.51503474780844,167.61783557790642,246.63059877854897,250.64237794396186,250.96609411620017
2025-08-05 20:01:43.170869,30.08330304861884,78.68631557532349,14.148091095662929,85.1472563401395,84.42067391050706,41.400805794098034,0.6725294515152676,1,0,322.11526736536103,394.51503474780844,167.61783557790642,246.63059877854897,264.7606960553895
2025-08-06 20:01:43.170869,31.25736409334473,55.35076539419896,13.038438435815555,59.67774482233414,71.64195406937232,35.95198240039177,0.3506008299573802,2,0,255.04288720594414,322.11526736536103,394.51503474780844,167.61783557790642,267.37288525751035
2025-08-07 20:01:43.170869,27.574660103975887,71.8605145999844,13.357894185976868,100.0,55.47031802300336,42.12030522232045,0.5384444173001107,3,0,276.00365877220145,255.04288720594414,322.11526736536103,394.51503474780844,273.2239514845332
2025-08-08 20:01:43.170869,27.215173503677317,75.58424486849587,5.616257120898453,84.72648230487391,40.81121526553041,37.63080326464542,0.4151470769149239,4,0,266.823278628873,276.00365877220145,255.04288720594414,322.11526736536103,275.53550872523476
2025-08-09 20:01:43.170869,35.25010328957679,47.41260513576886,6.594717297958688,65.12752924737066,52.55586447857894,39.927738645608606,0.5939786442247257,5,1,234.66105368604698,266.823278628873,276.00365877220145,255.04288720594414,273.8255737120202
2025-08-10 20:01:43.170869,37.424960114283294,53.16741487334225,17.26576426666452,32.508914276896405,81.77497239408372,42.7314212400185,0.3442393477361042,6,1,221.60493983142905,234.66105368604698,266.823278628873,276.00365877220145,281.53801717680915
2025-08-11 20:01:43.170869,31.711959513678664,44.607678222398995,11.802224230716725,100.0,97.69172611869217,40.03211134905469,0.3149557674408955,0,0,379.9153365900374,221.60493983142905,234.66105368604698,266.823278628873,279.4523460114133
2025-08-12 20:01:43.170869,36.014131591568095,62.305931655554424,15.407503486863122,49.15641299854606,90.86487056544378,37.81807054736716,0.7509434520052622,1,0,270.43947618993815,379.9153365900374,221.60493983142905,234.66105368604698,272.07009012921003
2025-08-13 20:01:43.170869,33.446544100190536,72.17542255795962,12.141591880652307,45.31901879564663,50.223011564274515,39.451950980370846,0.2610822097697222,2,0,213.08688452747407,270.43947618993815,379.9153365900374,221.60493983142905,266.07637546085715
2025-08-14 20:01:43.170869,29.419520981579502,80.02357052096028,12.148780697478726,85.3385564801446,37.607651334219774,39.55818520397332,0.5035747446409591,3,0,241.90406243768254,213.08688452747407,270.43947618993815,379.9153365900374,261.2050045559259
2025-08-15 20:01:43.170869,33.44558242203365,65.74094780419775,16.691419029879988,100.0,62.81772493822408,38.149944850589364,0.3325116697778054,4,0,284.7332711231786,241.90406243768254,213.08688452747407,270.43947618993815,263.76357491225525
2025-08-16 20:01:43.170869,38.15214626586388,81.28615545571292,9.419776358913131,90.76409227765777,24.63121268874297,38.70601968666449,0.22335797799540047,5,1,238.3627972574586,284.7332711231786,241.90406243768254,213.08688452747407,264.29239542245693
2025-08-17 20:01:43.170869,31.856695843560193,51.198985417851084,12.480603884704918,78.4586368007854,66.46335428369562,47.99323585252358,0.22161129097485585,6,1,292.1101708787614,238.3627972574586,284.7332711231786,241.90406243768254,274.3645712863615
2025-08-18 20:01:43.170869,38.258574623256024,47.96617560644845,9.688623556474788,78.92131512497929,57.04794827402662,42.8045972397062,0.30513306326349643,0,0,259.92505812258923,292.1101708787614,238.3627972574586,284.7332711231786,257.223102933869
2025-08-19 20:01:43.170869,21.52101958364102,64.44452301103381,9.827518862838422,82.80123338170462,50.67926996263515,38.5225984098542,0.7200622127036003,1,0,266.00950321467167,259.92505812258923,292.1101708787614,238.3627972574586,256.590249651688
2025-08-20 20:01:43.170869,35.287610017500896,68.84065448939307,10.454139382656804,81.38392884680148,28.10593865466409,43.48477202255368,0.369487246386216,2,0,234.26379825336278,266.00950321467167,259.92505812258923,292.1101708787614,259.61552304110074
2025-08-21 20:01:43.170869,32.34818827295268,64.67305251905907,13.110668858168564,74.21787135954064,70.27200213139433,38.33090255121995,0.7702755023451775,3,0,277.16442316467464,234.26379825336278,266.00950321467167,259.92505812258923,264.65271743067103
2025-08-22 20:01:43.170869,30.80397059813653,44.325578999601234,9.606256891682612,71.56301655927814,49.34598320676177,45.86562318793321,0.5489733757935162,4,0,232.98194682964828,277.16442316467464,234.26379825336278,266.00950321467167,257.2596711030238
2025-08-23 20:01:43.170869,32.367043106142006,64.10879960487212,18.278780627867604,69.06110308150717,36.60166328579424,41.84821096099047,0.4619685138612597,5,1,193.57477667806415,232.98194682964828,277.16442316467464,234.26379825336278,250.8613824488246
2025-08-24 20:01:43.170869,24.04972434159643,51.95530499495147,7.526963488902481,58.690531166999854,2.5547557343670135,39.46348927997886,0.5480533008016728,6,1,117.49885198075214,193.57477667806415,232.98194682964828,277.16442316467464,225.91690832053754
2025-08-25 20:01:43.170869,31.121312448649952,71.69672548830039,11.065641779193205,65.78987384699839,59.44970189898727,42.23858462905139,0.5100190311357606,0,0,260.66898384893085,117.49885198075214,193.57477667806415,232.98194682964828,226.02318342430064
2025-08-26 20:01:43.170869,33.42845028604699,68.66598246096848,9.801344708629125,44.605647787069216,95.44503193339489,32.145619239657506,0.6552657522543952,1,0,317.5434390708302,260.66898384893085,117.49885198075214,193.57477667806415,233.38517426089473
2025-08-27 20:01:43.170869,37.911576178966065,55.60120213672645,19.234889421768663,68.52490559807875,93.2251842909574,34.36616265545097,0.3694976395837114,2,0,316.5397298328191,317.5434390708302,260.66898384893085,117.49885198075214,245.1388787722456
2025-08-28 20:01:43.170869,29.92691912690541,59.861330826633065,12.982773882557874,55.17113339273624,50.858074868274564,34.03037496800472,0.41183023496018145,3,0,210.45562071672046,316.5397298328191,317.5434390708302,260.66898384893085,235.6090498511093
2025-08-29 20:01:43.170869,28.76602558842725,54.40786478111048,17.159222697343175,53.44616024176344,47.955758792764385,40.714715473818536,0.7364565815199506,4,0,187.11470660423387,210.45562071672046,316.5397298328191,317.5434390708302,229.0565869617644
2025-08-30 20:01:43.170869,29.992971825661854,64.37320902726829,4.572198134815141,72.69841226730217,69.37548512150047,48.66257499742546,0.7678739078902435,5,1,270.43390838063004,187.11470660423387,210.45562071672046,316.5397298328191,240.03646291927382
2025-08-31 20:01:43.170869,35.6616084708083,74.55142320501238,13.335251329346294,90.880034295169,40.03229121623417,51.15650073096316,0.7355349364918848,6,1,233.1461588669889,270.43390838063004,187.11470660423387,210.45562071672046,256.55750676016476
2025-09-01 20:01:43.170869,33.31500443863874,55.14273953664456,16.448153978117183,83.7747490900347,66.03583799638932,43.19025550720379,0.45166879637438817,0,0,276.6601774231274,233.1461588669889,270.43390838063004,187.11470660423387,258.84196298505
2025-09-02 20:01:43.170869,29.880959184931847,70.04046515517844,12.411419946377121,46.442490945652345,75.32160556769381,42.50422237472228,0.6682193018041291,1,0,244.44378400276898,276.6601774231274,233.1461588669889,270.43390838063004,248.3991551181841
2025-09-03 20:01:43.170869,34.05306973245342,59.69742381627559,17.327401875326757,55.15557795144494,84.53866447768615,30.994711329236303,0.48580143998065933,2,0,263.1003791169538,244.44378400276898,276.6601774231274,233.1461588669889,240.76496215877478
2025-09-04 20:01:43.170869,32.38831019739216,57.07127167737656,9.413557749498139,84.11156781982324,57.99691847040094,37.286631001329894,0.4985239112876614,3,0,283.54486200166616,263.1003791169538,244.44378400276898,276.6601774231274,251.20628234233845
2025-09-05 20:01:43.170869,35.874579962131556,63.929696400454425,19.0467372009279,55.26268909692536,55.926524996460685,36.061081240458805,0.3228080654343704,4,0,222.15083658704484,283.54486200166616,263.1003791169538,244.44378400276898,256.2114437684543
2025-09-06 20:01:43.170869,29.19178762449059,54.64757677580626,23.49449061809625,66.63050275004463,42.440348264868774,36.89576200874442,0.5546781819551099,5,1,147.19789199198092,222.15083658704484,283.54486200166616,263.1003791169538,238.60629857007584
2025-09-07 20:01:43.170869,30.68935141360893,59.46350694652818,10.185807197801704,78.25078148536828,43.4623929192028,39.15928090707605,0.31168153865200876,6,1,237.42640523400013,147.19789199198092,222.15083658704484,283.54486200166616,239.21776233679174
2025-09-08 20:01:43.170869,30.431567387471368,53.021221074111516,9.77248739299614,55.47483317704547,55.470422161969466,37.63954711151436,0.3989388194403163,0,0,237.51249240657518,237.42640523400013,147.19789199198092,222.15083658704484,233.62523590585573
2025-09-09 20:01:43.170869,26.145940207471526,84.6472513291639,19.266922385588504,71.5806325921894,67.34731013632356,30.10350094812106,0.7130181209719613,1,0,242.9307701839756,237.51249240657518,237.42640523400013,147.19789199198092,233.4090910745995
2025-09-10 20:01:43.170869,33.1844811082583,65.35263551971728,19.897860728653562,49.989617576226934,78.27169252466499,43.73955128058767,0.32424548552651317,2,0,273.934324823069,242.9307701839756,237.51249240657518,237.42640523400013,234.95679760404457
2025-09-11 20:01:43.170869,33.04422108871956,58.00274492007414,9.385699864233658,60.9794853407318,43.9364209863931,34.636284871300965,0.24269497110405971,3,0,239.7038470105853,273.934324823069,242.9307701839756,237.51249240657518,228.69379546246157
2025-09-12 20:01:43.170869,32.02045382656984,67.13979910734221,9.899065914520714,74.79672901213806,89.85377137919043,41.196234320555746,0.2414045555676898,4,0,329.9590368750263,239.7038470105853,273.934324823069,242.9307701839756,244.0949669321732
2025-09-13 20:01:43.170869,31.061651466499413,63.8767195030917,10.591076955697464,46.105093997024966,54.57752797914863,50.370413348749864,0.7644707123018648,5,1,202.81407772449623,329.9590368750263,239.7038470105853,273.934324823069,252.04013632253253
2025-09-14 20:01:43.170869,26.338517031798343,62.79030400466777,5.277747444828615,76.60712106940599,59.57265411303128,35.403077042067885,0.5041522627771009,6,1,281.35129261089673,202.81407772449623,329.9590368750263,239.7038470105853,258.3151202335178
2025-09-15 20:01:43.170869,30.317418708938565,71.14166700043425,7.406740267579009,69.70543301609978,45.05576641704353,27.348562386268352,0.4456472430902111,0,0,244.26233297722771,281.35129261089673,202.81407772449623,329.9590368750263,259.27938317218235
2025-09-16 20:01:43.170869,30.62914193389292,72.57507710047305,6.979296166239661,78.28734931625722,11.515194794541166,38.569978890599444,0.6865271486047511,1,0,186.3463500261462,244.26233297722771,281.35129261089673,202.81407772449623,251.1958945782068
2025-09-17 20:01:43.170869,28.790890923113523,59.69498852389472,8.161012174479357,73.35871201096992,77.680907927221,45.50479817499286,0.7014955567463097,2,0,306.7313988630819,186.3463500261462,244.26233297722771,281.35129261089673,255.8811908696372
2025-09-18 20:01:43.170869,31.354857153335963,59.2418175935532,11.826575563066093,90.46210644960766,74.73687794184866,49.79173727110297,0.3993146198693628,3,0,303.4403080417977,306.7313988630819,186.3463500261462,244.26233297722771,264.98639958838186
2025-09-19 20:01:43.170869,33.61620342725816,62.24948302848356,13.171073662682604,71.87836753971861,54.37344885763573,33.85225202773792,0.6161708344842772,4,0,245.0910455787396,303.4403080417977,306.7313988630819,186.3463500261462,252.86240083176943
2025-09-20 20:01:43.170869,39.54474360484212,41.980788352644154,19.752502464070385,63.558916883121206,61.33981434449744,42.48349611618261,0.662673689511132,5,1,216.1397805507475,245.0910455787396,303.4403080417977,306.7313988630819,254.76607266409104
2025-09-21 20:01:43.170869,32.698311251327354,49.84808937801448,7.008229796306045,71.83446254548426,70.31878435408198,37.67344771609973,0.5927904121195728,6,1,293.7356876633005,216.1397805507475,245.0910455787396,303.4403080417977,256.5352719572916
2025-09-22 20:01:43.170869,33.03020156289106,78.66874267444524,16.921611992382918,78.14947043554582,28.749082862269148,39.470258228479324,0.29095704488005963,0,0,208.54200946756222,293.7356876633005,216.1397805507475,245.0910455787396,251.43236859876794
2025-09-23 20:01:43.170869,31.70221633693533,81.44967713501283,10.930055778872456,70.73290105488556,49.418946453074106,53.221716735085174,0.7255298501102343,1,0,233.7212080852891,208.54200946756222,293.7356876633005,216.1397805507475,258.2002054643598
2025-09-24 20:01:43.170869,24.324915138803835,62.50963960443622,11.752681451737836,70.60887536805824,75.88529359243654,32.48514835802423,0.5234567316416052,2,0,288.85970481785944,233.7212080852891,208.54200946756222,293.7356876633005,255.6471063150423
2025-09-25 20:01:43.170869,31.893944498203133,70.76556963055766,15.374097460833019,59.47012468289867,34.914211536615014,41.26869830747287,0.36948345582200226,3,0,200.69469083621098,288.85970481785944,233.7212080852891,208.54200946756222,240.96916099995846
2025-09-26 20:01:43.170869,32.24092083976411,68.11250154543536,6.386389892188507,60.05648623673578,65.87115864333259,42.33846585882716,0.4551369112626164,4,0,271.481578360848,200.69469083621098,288.85970481785944,233.7212080852891,244.73923711168825
2025-09-27 20:01:43.170869,41.852968449941145,95.78880808455239,13.912048730920253,48.96092092300459,32.8683639075319,45.42893162469674,0.22254265423934444,5,1,161.66623663914422,271.481578360848,200.69469083621098,288.85970481785944,236.95730226717347
2025-09-28 20:01:43.170869,31.23055614087551,76.19574911434577,12.83226104106528,96.24365114780409,69.32859964867053,40.489915767354475,0.27672008073345056,6,1,305.49867713560957,161.66623663914422,271.481578360848,200.69469083621098,238.6377293346462
2025-09-29 20:01:43.170869,33.20618936933445,63.72082408519233,14.462256320040746,51.34205146913072,59.28717035405033,41.540252697520515,0.6593280503095166,0,0,230.66199172530344,305.49867713560957,161.66623663914422,271.481578360848,241.79772680003785
2025-09-30 20:01:43.170869,31.861152921179027,55.44459559399574,13.445843219539091,59.60642203306139,27.69736368188981,38.041757162891045,0.2000069808532197,1,0,191.0817684554963,230.66199172530344,305.49867713560957,161.66623663914422,235.706378281496
2025-10-01 20:01:43.170869,27.32528784952187,48.93553679742428,24.27650069955447,59.22389101646204,83.29478708914343,41.34563470622554,0.44993949708937536,2,0,260.34129769966455,191.0817684554963,230.66199172530344,305.49867713560957,231.6323201217539
2025-10-02 20:01:43.170869,36.571291258060086,67.03463635867223,8.81130007874342,83.42386565416662,45.308168464039014,38.284038622512945,0.513506108651353,3,0,263.5197405764071,260.34129769966455,191.0817684554963,230.66199172530344,240.60732722749617
2025-10-03 20:01:43.170869,35.007732130747094,57.436492547156966,9.345015224990911,65.57575482561958,43.79495125971238,43.107859449280255,0.2327806520005834,4,0,232.51401846477808,263.5197405764071,260.34129769966455,191.0817684554963,235.04053295662905
2025-10-04 20:01:43.170869,35.16412778817219,50.77746290402326,8.884297367876178,88.716131090106,64.01138394461886,38.15194831978183,0.7838468977833999,5,1,281.01338406086387,232.51401846477808,263.5197405764071,260.34129769966455,252.09012544544615
2025-10-05 20:01:43.170869,28.362450180821043,58.534271157574736,9.222614404198726,59.897640636341976,82.9727469885743,41.88550196951093,0.3356751987498032,6,1,280.213344831336,281.01338406086387,232.51401846477808,263.5197405764071,248.4779351162642
2025-10-06 20:01:43.170869,37.61117724374439,54.18451996385605,8.813064363467412,74.18491243335703,39.68356362043206,39.85368593157511,0.38251923178176855,0,0,237.99405380765285,280.213344831336,281.01338406086387,232.51401846477808,249.52537255659985
2025-10-07 20:01:43.170869,26.392595748830878,81.87141635072564,17.94508265553776,57.46979420110364,61.233596996959434,45.63025125386084,0.38236550735301644,1,0,243.9962939468211,237.99405380765285,280.213344831336,281.01338406086387,257.08459048393195
2025-10-08 20:01:43.170869,34.34742837520108,73.81639756949451,19.102521239949276,100.0,68.57633000661146,39.743031382057566,0.33824999727040994,2,0,300.643853069066,243.9962939468211,237.99405380765285,280.213344831336,262.8420983938464
2025-10-09 20:01:43.170869,40.76182250323991,64.92027358683383,9.14626853125262,52.18602371455731,73.86211214526288,31.134837658965594,0.20088429325178686,3,0,275.6047943240673,300.643853069066,243.9962939468211,237.99405380765285,264.5685346435122
2025-10-10 20:01:43.170869,28.037854699477247,79.79944138890026,7.8382221344788565,74.64731065340541,63.528831105544505,46.30960750356996,0.6376068764527979,4,0,266.78080528179714,275.6047943240673,300.643853069066,243.9962939468211,269.46378990308637
2025-10-11 20:01:43.170869,29.734809081588914,65.77368307647619,14.35707778193202,79.50665321398148,52.65944321833355,35.47133849568691,0.7801072998795713,5,1,215.4412697753406,266.78080528179714,275.6047943240673,300.643853069066,260.09634500515443
2025-10-12 20:01:43.170869,32.398605460350566,56.38715798671736,9.238884778595143,76.20698646177247,43.44819558702561,36.731168306755904,0.33457608997102706,6,1,232.40395980931365,215.4412697753406,266.78080528179714,275.6047943240673,253.26643285915125
2025-10-13 20:01:43.170869,29.986097383535203,80.23124077269657,15.164659088777555,67.22068511683437,61.722877660927495,37.02169352978254,0.5978283150820536,0,0,242.2472426964608,232.40395980931365,215.4412697753406,266.78080528179714,253.8740312718381
2025-10-14 20:01:43.170869,25.79734627573547,70.38910043684659,13.0146151042565,68.05268950399861,38.557219760287865,46.87219046585409,0.6451377961752292,1,0,222.81836457646517,242.2472426964608,232.40395980931365,215.4412697753406,250.84861279035866
2025-10-15 20:01:43.170869,32.27425189922411,54.62753845673544,4.42127942501384,70.65717207968665,1.5729903301078565,29.32162893010652,0.7090552274543149,2,0,155.11554388141576,222.81836457646517,242.2472426964608,232.40395980931365,230.05885433498003
2025-10-16 20:01:43.170869,27.75078514509558,63.09661321916392,19.737526006650306,67.79496997557267,68.73119608315335,55.688742668299966,0.4535775182081655,3,0,267.97306777364304,155.11554388141576,222.81836457646517,242.2472426964608,228.96860768491948
2025-10-17 20:01:43.170869,33.89436972254072,56.24381746615243,20.97938836547761,84.45818675192365,78.07869682172391,45.28028404533026,0.3817585433842576,4,0,310.5706961667883,267.97306777364304,155.11554388141576,222.81836457646517,235.22430638277532
2025-10-18 20:01:43.170869,28.322303063064787,51.172002690356635,8.936056547578069,100.0,12.741351289163234,41.116194570645796,0.3951770804138187,5,1,203.35885877625898,310.5706961667883,267.97306777364304,155.11554388141576,233.49824766862085
2025-10-19 20:01:43.170869,38.19973762007016,74.26177547531641,10.06149220032008,61.637623224882496,39.805385905801245,39.72552999691857,0.6275727998591079,6,1,218.2875167832441,203.35885877625898,310.5706961667883,267.97306777364304,231.4816129506109
2025-10-20 20:01:43.170869,28.86698683065505,84.0941664047013,13.429326953624525,49.45295530631383,72.38308522010395,41.427770374288286,0.6900676799033817,0,0,246.78908889849149,218.2875167832441,203.35885877625898,310.5706961667883,232.1304481223295
2025-10-21 20:01:43.170869,30.7117539351773,51.01432426180859,13.672283949935125,68.67576927473118,100.0,42.60561214189669,0.3089683806539616,1,0,355.0498622452686,246.78908889849149,218.2875167832441,203.35885877625898,251.02066207501576
2025-10-22 20:01:43.170869,35.25406886947868,70.62969236690572,15.292721363364151,100.0,60.415874153508156,43.22607792975028,0.4225646048946592,2,0,316.51601010231815,355.0498622452686,246.78908889849149,218.2875167832441,274.0778715351447
2025-10-23 20:01:43.170869,27.07654273426418,58.49357430878173,22.051022693831747,57.944881480454036,45.43994117541731,42.778022330017244,0.7411641180494901,3,0,183.11947551363153,316.51601010231815,355.0498622452686,246.78908889849149,261.95592978371445
2025-10-24 20:01:43.170869,32.909839738416515,60.12874616235304,11.115263862529753,94.58675208166102,56.34207117790319,40.44790340627625,0.6840161118168436,4,0,295.2218558147349,183.11947551363153,316.51601010231815,355.0498622452686,259.76323830484966
2025-10-25 20:01:43.170869,37.22857101712971,59.07606075761131,8.008513777307732,95.1655122111466,87.4975283829637,39.01330789846337,0.7909150416574855,5,1,348.849589049413,295.2218558147349,183.11947551363153,316.51601010231815,280.5476283438717
2025-10-26 20:01:43.170869,25.57006706175509,56.36009230320184,5.103403859927364,61.69617637438008,47.080716417509294,39.24363358173244,0.6525489558092485,6,1,205.71313828945327,348.849589049413,295.2218558147349,183.11947551363153,278.75128855904444
2025-10-27 20:01:43.170869,32.73853543412922,65.48521627944827,8.345349800290405,78.53474618777913,44.016159866994926,39.0254585982366,0.4359171206167534,0,0,253.8357221580247,205.71313828945327,348.849589049413,295.2218558147349,279.75795045326345
2025-10-28 20:01:43.170869,33.03953117699369,56.69049883588962,11.834365135631014,94.42594934692806,50.34512955635935,45.66885048433532,0.5543827003967827,1,0,288.3740272100732,253.8357221580247,205.71313828945327,348.849589049413,270.2328311625212
2025-10-29 20:01:43.170869,35.12729148710924,67.70456825779839,20.97278931758894,64.3130838851877,40.93342783482575,42.96778361140431,0.5966085525483922,2,0,205.83176054418016,288.3740272100732,253.8357221580247,205.71313828945327,254.42079551135868
2025-10-30 20:01:43.170869,27.052197156487672,64.49761890550863,9.411943504819142,66.94629459846458,62.45340631989591,25.298056826678597,0.24707348979027438,3,0,265.70389294165693,205.83176054418016,288.3740272100732,253.8357221580247,266.218569429648
2025-10-31 20:01:43.170869,26.718173547662893,62.6105195313359,13.118939758194493,61.274786290770344,92.49356916939121,43.279503882648804,0.5266981754623191,4,0,311.94842290754383,265.70389294165693,205.83176054418016,288.3740272100732,268.60807901433503
2025-11-01 20:01:43.170869,34.08776626246759,55.92436337958402,11.91788551963624,54.778649039607,66.46158546232058,40.97368097359387,0.6255924970835658,5,1,235.0812410364632,311.94842290754383,265.70389294165693,205.83176054418016,252.35545786962788
2025-11-02 20:01:43.170869,33.18793869293275,59.23228669431667,17.94196636724042,60.26083682400989,54.95292995747425,39.90645621777051,0.30039278240063627,6,1,211.84564446149363,235.0812410364632,311.94842290754383,265.70389294165693,253.2315301799194
2025-11-03 20:01:43.170869,33.00197140138351,72.55391225825755,24.63466212936811,51.64089599856615,54.163774621689114,38.05740773455557,0.6683790304553343,0,0,189.21187899708917,211.84564446149363,235.0812410364632,311.94842290754383,243.9995525855
2025-11-04 20:01:43.170869,33.3857928379879,70.00917187624381,9.345656135398396,70.51125202388839,28.73618382606686,45.620563599930065,0.5502636683084671,1,0,207.24006582587162,189.21187899708917,211.84564446149363,235.0812410364632,232.40898667347122
2025-11-05 20:01:43.170869,29.279901113686037,55.22444755201449,9.55280278740889,58.450401534120374,77.66219554294318,44.73763231061429,0.7713330714185569,2,0,281.0320205215569,207.24006582587162,189.21187899708917,211.84564446149363,243.1518809559536
2025-11-06 20:01:43.170869,32.92901478864401,65.99332305429226,17.22080438534536,73.50678867686122,58.44325605974396,36.135611660881956,0.22545337892413503,3,0,273.21275780751483,281.0320205215569,207.24006582587162,189.21187899708917,244.22457593679044
2025-11-07 20:01:43.170869,33.17228989319472,72.5138712337179,15.409457448131556,46.66156530694559,56.390401728187484,42.03526143562267,0.3591956825332802,4,0,222.9010581757104,273.21275780751483,281.0320205215569,207.24006582587162,231.50352383224282
2025-11-08 20:01:43.170869,29.14259432789453,48.305947188786284,21.23353662868017,74.96320348321686,100.0,35.14171632729357,0.5609323275798945,5,1,310.21020357840234,222.9010581757104,273.21275780751483,281.0320205215569,242.23623276680559
2025-11-09 20:01:43.170869,39.46309804457903,70.43360192379934,14.91964092662982,82.50293442413387,65.97505816731372,33.101909176055344,0.37793594732355845,6,1,295.4451368250673,310.21020357840234,222.9010581757104,273.21275780751483,254.17901739017321
2025-11-10 20:01:43.170869,33.89533168364715,58.37376241054153,10.203539546064702,40.09396536142817,44.964178998096315,36.86641387705018,0.6286544984427453,0,0,198.74778402051774,295.4451368250673,310.21020357840234,222.9010581757104,255.54128953637732
2025-11-11 20:01:43.170869,27.234786011189406,70.70598668593159,14.953274153461546,75.61084854771359,51.47284807588913,44.311967361913794,0.6554031695131587,1,0,237.01009712386124,198.74778402051774,295.4451368250673,310.21020357840234,259.79415115037585
2025-11-12 20:01:43.170869,34.62621443453532,57.367408434574834,17.543517902914537,88.41503488709938,82.9689141839351,44.76562522688043,0.2615095784398847,2,0,316.9982017817749,237.01009712386124,198.74778402051774,295.4451368250673,264.9321770446927
2025-11-13 20:01:43.170869,28.101273319090716,46.95117899335481,16.102410905986822,51.855384719631914,62.26540821075529,42.56542710048647,0.5083126785240607,3,0,215.98081573061026,316.9982017817749,237.01009712386124,198.74778402051774,256.7561853194206
2025-11-14 20:01:43.170869,35.14833841496981,48.72457562116837,14.536370155536488,95.08858580256555,31.234440433652665,43.625478934239986,0.5053343333546336,4,0,245.50729787231467,215.98081573061026,316.9982017817749,237.01009712386124,259.9856481332212
2025-11-15 20:01:43.170869,36.634382316029615,65.48084946661382,17.333373447945768,76.28528514049067,78.38457869150407,42.58089143557479,0.4215684621293247,5,1,277.23066397548496,245.50729787231467,215.98081573061026,316.9982017817749,255.27428533280445
2025-11-16 20:01:43.170869,28.717270726593156,67.59722501721483,17.846477952228362,59.424822163623865,46.63711828922012,36.79259202388524,0.7597549175418035,6,1,169.28070800922808,277.23066397548496,245.50729787231467,215.98081573061026,237.25079550197026
2025-11-17 20:01:43.170869,35.85350451697729,55.956833748955916,18.910794955187637,69.16346383513441,97.4659555243509,42.159612723369705,0.6965037919239327,0,0,305.850904647333,169.28070800922808,277.23066397548496,245.50729787231467,252.55124130580103
2025-11-18 20:01:43.170869,33.651123707745995,71.38592458777374,15.243549437948214,78.37490368782584,81.60096131429297,44.00204762613841,0.6183256291457822,1,0,299.0573544240467,305.850904647333,169.28070800922808,277.23066397548496,261.4151352058275
2025-11-19 20:01:43.170869,35.28824063997796,48.3847993773104,11.164409598415729,71.14008087118617,51.053562086824975,43.77145664906787,0.6285959814409986,2,0,253.19893903897145,299.0573544240467,305.850904647333,169.28070800922808,252.30095481399843
2025-11-20 20:01:43.170869,39.58717193061579,64.33920201352683,12.733568432166614,78.08133988669553,85.62032723470226,45.94456685737322,0.4770296862878715,3,0,325.44401783788027,253.19893903897145,299.0573544240467,305.850904647333,267.93855511503705
2025-11-21 20:01:43.170869,31.018447535988518,52.889838002375434,18.032544832541785,56.1898961038095,61.357110210548065,43.54151923600532,0.7525967126579456,4,0,206.12527888071776,325.44401783788027,253.19893903897145,299.0573544240467,262.31255240195173
2025-11-22 20:01:43.170869,28.985055342570043,58.48163892197841,7.91532164506382,72.54041236054117,77.05547350244439,41.757241037707914,0.6167572563519713,5,1,289.43352039139046,206.12527888071776,325.44401783788027,253.19893903897145,264.055817604224
2025-11-23 20:01:43.170869,28.44194228149791,65.47398671316414,13.843366544364507,48.79428254642529,69.6946563458895,45.350751191582134,0.63738863699349,6,1,225.29429350593236,289.43352039139046,206.12527888071776,325.44401783788027,272.05775838946744
2025-11-24 20:01:43.170869,28.736758860138245,56.39586634716048,10.033305938363197,68.33160907976949,43.07286690018253,39.8673937037547,0.7170145422724072,0,0,216.62445712159973,225.29429350593236,289.43352039139046,206.12527888071776,259.3111230286484
2025-11-25 20:01:43.170869,31.691593162343583,61.154444557701744,12.143724114674088,56.44138537802815,47.12900335365076,35.590626743861414,0.36444295360531465,1,0,230.03213330259786,216.62445712159973,225.29429350593236,289.43352039139046,249.4503771541557
2025-11-26 20:01:43.170869,33.364607899266574,75.0629280921444,18.392259313036494,58.9670508611535,80.59921635162323,39.18466518028118,0.6842425423200218,2,0,260.6139995354953,230.03213330259786,216.62445712159973,225.29429350593236,250.50967151080198
2025-11-27 20:01:43.170869,33.10676319732008,59.23108130476851,12.955495340099517,88.54139762815656,53.304493357869184,36.27548677596776,0.31714436177389527,3,0,290.15477241953914,260.6139995354953,230.03213330259786,216.62445712159973,245.4683507367532
2025-11-28 20:01:43.170869,35.308732996144094,73.35692112065142,12.232182740780743,86.36965180891403,51.927030735160066,36.624108625128095,0.40720517134693274,4,0,279.23412148615313,290.15477241953914,260.6139995354953,230.03213330259786,255.91247110895827
2025-11-29 20:01:43.170869,32.05200756751163,53.702931453423815,5.200719295100404,79.13707181360766,40.89754841301294,39.27740664642241,0.40136627256190566,5,1,250.74997699602903,279.23412148615313,290.15477241953914,260.6139995354953,250.38625062390662
2025-11-30 20:01:43.170869,37.814136308629266,70.29804177915283,15.731267830136105,53.61530852991132,68.47198131186923,36.03790039500019,0.7871152810334845,6,1,212.3468571585113,250.74997699602903,279.23412148615313,290.15477241953914,248.53661685998935
2025-12-01 20:01:43.170869,30.941372667048174,79.41568620657901,15.227420905705376,65.25387325457797,100.0,38.4601923518048,0.7139223342487562,0,0,319.848375846046,212.3468571585113,250.74997699602903,279.23412148615313,263.2828909634817
2025-12-02 20:01:43.170869,42.880676666358475,40.283554998727105,22.8162736165273,88.19646549968775,38.64934171491454,30.531926665231072,0.6207019169541559,1,0,219.84369841684932,319.848375846046,212.3468571585113,250.74997699602903,261.8274002655176
2025-12-03 20:01:43.170869,34.502669391060024,57.03104744529523,10.461108825234996,72.12575370459857,60.48438913345516,41.06646853686469,0.6362340569692342,2,0,251.94888449809832,219.84369841684932,319.848375846046,212.3468571585113,260.5895266887466
2025-12-04 20:01:43.170869,28.57136977433487,70.7707212718054,13.095751638319694,100.0,88.24441110830858,40.00602737681112,0.5372436766415427,3,0,367.96842500676814,251.94888449809832,219.84369841684932,319.848375846046,271.70576277263643
2025-12-05 20:01:43.170869,27.71643000775555,62.96954613957007,13.246918418553776,75.89976759091557,58.4071721750857,35.914556844659046,0.7682544002651115,4,0,245.18327371701125,367.96842500676814,251.94888449809832,219.84369841684932,266.84135594847334
2025-12-06 20:01:43.170869,33.92988966097274,68.71145873371309,19.887266398817374,72.88073674735047,69.04743592499467,43.296228342162024,0.497755251729417,5,1,243.63441996421568,245.18327371701125,367.96842500676814,251.94888449809832,265.8248478010714
2025-12-07 20:01:43.170869,31.106148858696596,58.960148132841795,11.52352233806524,65.36325303696248,38.75212943706241,44.68785068813279,0.42831062592193675,6,1,189.31092988011835,243.63441996421568,245.18327371701125,367.96842500676814,262.5340010470153
2025-12-08 20:01:43.170869,34.85600197636837,65.865897874729,13.395107628851695,72.00311357173423,68.56614194415297,31.962200678155128,0.29782120215895463,0,0,292.1544133578973,189.31092988011835,243.63441996421568,245.18327371701125,258.5777206915655
2025-12-09 20:01:43.170869,33.89295049829418,63.44322764607921,15.039482548582697,67.71295245429184,56.257114699909025,36.186376107168925,0.671723391356635,1,0,223.02042803052115,292.1544133578973,189.31092988011835,243.63441996421568,259.0315392078043
2025-12-10 20:01:43.170869,31.708684349372508,76.67782061659807,12.93304561578179,80.62163015032885,79.71459991359725,36.154288251063505,0.640666359245355,2,0,315.8421304152046,223.02042803052115,292.1544133578973,189.31092988011835,268.1591457673909
2025-12-11 20:01:43.170869,28.61282512772638,67.54420843301213,9.767831927247359,84.35053475191876,83.74772103129501,35.300484494455674,0.43061302311448096,3,0,346.4348261052131,315.8421304152046,223.02042803052115,292.1544133578973,265.0829173528831
2025-12-12 20:01:43.170869,25.940611101256543,68.37602662075201,12.970449964491538,58.21015809238076,100.0,44.14737420965874,0.21511604837553763,4,0,331.777720602962,346.4348261052131,315.8421304152046,223.02042803052115,277.4535526223046
2025-12-13 20:01:43.170869,30.213940191731915,60.881230338775325,17.36815874929886,50.03150569663333,71.59266346427151,39.03086930613598,0.7033983966308066,5,1,225.94349163565195,331.777720602962,346.4348261052131,315.8421304152046,274.92627714679554
2025-12-14 20:01:43.170869,35.425595177293886,60.123937759275066,6.867423502944699,42.456919403450556,66.51592633164333,38.67742579344694,0.2068507900724442,6,1,248.65141159335477,225.94349163565195,331.777720602962,346.4348261052131,283.403488820115
2025-12-15 20:01:43.170869,32.85637497652082,60.67441812180379,12.66484837073438,77.61986990368815,63.88768603154672,29.980688177966233,0.6222198677774307,0,0,265.81040417946963,248.65141159335477,225.94349163565195,331.777720602962,279.6400589374825
2025-12-16 20:01:43.170869,27.017044885152046,68.94452142378297,8.499395925304134,53.449500907391894,52.936674143786234,43.17709015104613,0.7821542658356344,1,0,234.1903540995504,265.81040417946963,248.65141159335477,225.94349163565195,281.2357626616295
2025-12-17 20:01:43.170869,32.69272370340473,60.79015519179737,17.975233144624212,37.706641105712755,66.76967686923382,33.80370802573264,0.46259679688892213,2,0,208.028927939176,234.1903540995504,265.81040417946963,248.65141159335477,265.8338765936254
2025-12-18 20:01:43.170869,33.54126951891535,67.89774856896413,4.384065476081126,75.82867906796446,54.091971797219415,40.29966315133164,0.3409840429975717,3,0,281.84403579981347,208.028927939176,234.1903540995504,265.81040417946963,256.60662083571117
2025-12-19 20:01:43.170869,28.46457025519547,85.75400798645438,9.205390763642058,100.0,63.36921952539229,41.38688468979096,0.6229226060260291,4,0,310.9431959049867,281.84403579981347,208.028927939176,234.1903540995504,253.63026016457184
2025-12-20 20:01:43.170869,32.61490042378211,73.71124703431693,13.886059375322604,69.9089363269016,86.3519507121592,46.80329297919326,0.6902768852093512,5,1,293.36672234074786,310.9431959049867,281.84403579981347,208.028927939176,263.2621502652998
2025-12-21 20:01:43.170869,32.232834873784,61.73976467832159,19.827620146171704,82.57736161677462,39.86914869440717,33.45589800440444,0.5278581896467085,6,1,198.93558876466355,293.36672234074786,310.9431959049867,281.84403579981347,256.15988986120107
2025-12-22 20:01:43.170869,27.428118808677507,77.01213922163944,11.67124869463506,71.22744037821347,82.7975712225809,24.90243922089587,0.7802211651536879,0,0,299.2347629679961,198.93558876466355,293.36672234074786,310.9431959049867,260.934798259562
2025-12-23 20:01:43.170869,33.43114944139313,60.91924626978449,9.224002366534009,68.51665520213287,86.34230134679731,40.91924772376847,0.23100123299477668,1,0,314.83167913985216,299.2347629679961,198.93558876466355,293.36672234074786,272.4549875510337
2025-12-24 20:01:43.170869,34.24313810547294,44.61875464822146,21.40578534720295,83.78614724481653,57.63862946017842,49.00255590755427,0.5028773589827169,2,0,266.12391678784496,314.83167913985216,299.2347629679961,198.93558876466355,280.75427167227207
2025-12-25 20:01:43.170869,36.332204972701106,54.91913689082596,4.75993049791878,65.64588183717024,17.56290201982811,46.19473176469719,0.6310723683935302,3,0,192.6361414446613,266.12391678784496,314.83167913985216,299.2347629679961,268.01028676439324
2025-12-26 20:01:43.170869,36.215208208139614,46.29208078974145,1.0059702168995912,74.01088471107855,47.84356025811135,41.04829707637313,0.7175842826895074,4,0,262.84600004495843,192.6361414446613,266.12391678784496,314.83167913985216,261.1392587843892
2025-12-27 20:01:43.170869,26.489322528171634,61.48486515958692,14.200072250266661,74.8254670929402,85.93989093122218,37.54181907183976,0.3075533671446741,5,1,297.9443718256755,262.84600004495843,192.6361414446613,266.12391678784496,261.7932087108074
2025-12-28 20:01:43.170869,28.24869984033951,65.18418379189552,9.489728878236944,59.978643195354266,59.542638754022356,44.03561298318655,0.6800020890582089,6,1,235.49948981708422,297.9443718256755,262.84600004495843,192.6361414446613,267.0166231468675
2025-12-29 20:01:43.170869,34.06014106883464,81.76437312275283,6.893835914346434,84.88063524304785,40.01395535410178,35.13226900147766,0.5316242454311273,0,0,249.12268315203312,235.49948981708422,297.9443718256755,262.84600004495843,259.85775460172994
2025-12-30 20:01:43.170869,34.05514380364883,68.26927373764163,15.541782236496767,67.37560364956887,49.90450157543565,42.3817888467811,0.43793220919397796,1,0,232.1612118176395,249.12268315203312,235.49948981708422,297.9443718256755,248.04768784141385
2025-12-31 20:01:43.170869,34.06019074522419,62.80899471191136,13.219003568855994,58.66382260760733,76.81240053009105,42.52735079583314,0.27902901714745615,2,0,293.84623878195555,232.1612118176395,249.12268315203312,235.49948981708422,252.00801955485824
2026-01-01 20:01:43.170869,47.41092596261888,73.2940558118349,9.179606846316357,78.04764765355606,70.9346713640276,45.3010495374944,0.7191774553453476,3,0,295.0093652221755,293.84623878195555,232.1612118176395,249.12268315203312,266.6327658087888
2026-01-02 20:01:43.170869,34.283562042772665,42.88864690992115,5.598478006645528,56.52298027313444,55.22135801660611,53.79830019455539,0.29436392490782926,4,0,258.2278629916535,295.0093652221755,293.84623878195555,232.1612118176395,265.973031944031
2026-01-03 20:01:43.170869,36.54226256072239,67.35614558108566,16.362286641400722,70.42271736053692,52.663511763706246,41.96207983589383,0.38587271552545954,5,1,229.90758544866844,258.2278629916535,295.0093652221755,293.84623878195555,256.25349103303
2026-01-04 20:01:43.170869,35.81600705397281,72.70865193886966,15.251005889793305,69.86321505033695,52.16483701912356,37.45518187146251,0.3740273191774621,6,1,226.71079765430497,229.90758544866844,258.2278629916535,295.0093652221755,254.9979635812044
2026-01-05 20:01:43.170869,34.60556500522319,50.214137542201584,11.504120681103085,86.28843348747367,41.55179631002995,39.872128439040026,0.7228484205145127,0,0,239.35537519464953,226.71079765430497,229.90758544866844,258.2278629916535,253.6026338730067
2026-01-06 20:01:43.170869,30.738923021438616,76.43754043206928,21.233184980238327,77.12047349319928,92.30751378938884,31.15462047555441,0.6036217965253389,1,0,321.62155355188384,239.35537519464953,226.71079765430497,229.90758544866844,266.38268269218446
2026-01-07 20:01:43.170869,35.03587688197307,68.38496407494414,6.649576168369237,69.62459561882284,53.5535906157732,36.52643434455471,0.6780088383148235,2,0,251.12212117272972,321.62155355188384,239.35537519464953,226.71079765430497,260.2792373194379
2026-01-08 20:01:43.170869,28.908699141849713,60.847120860991986,4.372374145376305,82.26649448800431,84.34317041650993,37.95358780943448,0.3502807392754994,3,0,331.98068558294926,251.12212117272972,321.62155355188384,239.35537519464953,265.5608545138342
2026-01-09 20:01:43.170869,31.052725573039965,71.32781866106285,8.540459650593778,90.8531132352597,90.42632103844903,37.37955801032704,0.5749244597641994,4,0,365.46512771320755,331.98068558294926,251.12212117272972,321.62155355188384,280.88046375977046
2026-01-10 20:01:43.170869,30.058545808683586,87.70692857804396,11.772069918222511,78.36715459527794,79.9662179629592,40.76177436016861,0.5430475898862492,5,1,284.777804733355,365.46512771320755,331.98068558294926,251.12212117272972,288.71906651472574
2026-01-11 20:01:43.170869,32.32749655754529,66.81866255058495,13.216697246613458,70.15528929765071,51.367593745639034,35.887900338089,0.6996982260729627,6,1,227.01799126635515,284.777804733355,365.46512771320755,331.98068558294926,288.76295131644713
2026-01-12 20:01:43.170869,41.25863426669403,67.48220586300336,10.793819710718351,50.32245651474761,68.07460180673219,45.60515333662236,0.7436522362887563,0,0,261.31712163190866,227.01799126635515,284.777804733355,365.46512771320755,291.90034366462703
2026-01-13 20:01:43.170869,24.530939229633006,60.40639100459756,13.760276982571483,54.02329505386941,59.51608787218168,40.00103532459099,0.2072940628864321,1,0,243.01057238094907,261.31712163190866,227.01799126635515,284.777804733355,280.67020349735066
2026-01-14 20:01:43.170869,34.74504076149805,56.50155630535208,5.74230287904778,65.42162943467999,41.92596278539744,39.953498394306926,0.6044119514352757,2,0,242.58288738176105,243.01057238094907,261.31712163190866,227.01799126635515,279.45031295578366
2026-01-15 20:01:43.170869,25.549136515241393,73.30335816544246,19.218823020366298,60.85731696761076,66.48718563443207,38.36052641743541,0.23110147947183743,3,0,267.25530411212657,242.58288738176105,243.01057238094907,261.31712163190866,270.2038298885233
2026-01-16 20:01:43.170869,30.112272536842266,56.43916174091133,11.589244108037157,67.19543045521831,36.41920417680395,40.77595341929489,0.5293151990464136,4,0,218.50272868946067,267.25530411212657,242.58288738176105,243.01057238094907,249.20920145655944
2026-01-17 20:01:43.170869,36.35580238786947,65.71566237219392,17.586479157940637,70.8497488734566,83.75358776923127,44.125491323338174,0.3725796374262069,5,1,290.12184695119873,218.50272868946067,267.25530411212657,242.58288738176105,249.97263605910854
2026-01-18 20:01:43.170869,32.25712007638185,60.223425532348834,13.713626731888521,77.94539131535096,50.70765405403214,35.664348921445495,0.3840659597132847,6,1,254.9953913333983,290.12184695119873,218.50272868946067,267.25530411212657,253.96940749725758
2026-01-19 20:01:43.170869,27.689020888282776,69.78979825746391,14.28376609576892,68.94251832911362,64.02319311745678,36.70941755462372,0.411775102071414,0,0,279.78976131962656,254.9953913333983,290.12184695119873,218.50272868946067,256.6083560240744
2026-01-20 20:01:43.170869,29.138785162960126,68.33662105286949,14.84883640116102,77.29752465739303,65.66575743092284,38.48136985611668,0.5727754694297662,1,0,290.229557176214,279.78976131962656,254.9953913333983,290.12184695119873,263.3539252805408
2026-01-21 20:01:43.170869,34.7183909957387,75.375399442579,14.238542800086574,70.9671162221518,54.82190052591845,33.27064538263392,0.40042997940126157,2,0,245.92297934871962,290.229557176214,279.78976131962656,254.9953913333983,263.8310812758206
2026-01-22 20:01:43.170869,29.078533473131454,59.89983601145253,15.21361379933772,40.36800150469193,71.7338760295055,35.90371070139251,0.6396194303541682,3,0,212.79622005866122,245.92297934871962,290.229557176214,279.78976131962656,256.0512121253256
2026-01-23 20:01:43.170869,32.8658343583279,62.30125064706629,18.645762650662157,55.90996909271868,50.501926867549514,37.618895632276704,0.44271643134432187,4,0,200.87390315200705,212.79622005866122,245.92297934871962,290.229557176214,253.53280847711792
2026-01-24 20:01:43.170869,32.18228735961525,55.21236284217693,12.982605848507351,67.83868666417577,77.42594594914488,44.371945903563635,0.24101192018597517,5,1,290.05060950544515,200.87390315200705,212.79622005866122,245.92297934871962,253.52263169915315
2026-01-25 20:01:43.170869,29.39359860957673,60.55706739923888,15.545018787942562,51.85457885738339,33.080406395065026,41.31280664500962,0.6702559054904644,6,1,151.26084569974424,290.05060950544515,200.87390315200705,212.79622005866122,238.70341089434538
2026-01-26 20:01:43.170869,40.5757763573013,68.77300493044852,11.551321528563866,78.99893094994307,62.52759159092824,40.96794955683772,0.3714549947556236,0,0,286.7547042695749,151.26084569974424,290.05060950544515,200.87390315200705,239.69840274433804
2026-01-27 20:01:43.170869,34.535676089272044,72.56988616645351,19.200586077247365,92.96126248515546,98.77857998116569,44.25448981083986,0.4596601277595576,1,0,363.0804366968448,286.7547042695749,151.26084569974424,290.05060950544515,250.1056712472853
2026-01-28 20:01:43.170869,23.899429653369573,55.77834675822375,8.61803848970365,88.28142777545975,39.993373507888506,39.31314105800302,0.611266329933141,2,0,234.76746656666538,363.0804366968448,286.7547042695749,151.26084569974424,248.51202656413466
2026-01-29 20:01:43.170869,32.74581725907771,73.6960592010566,21.00470216455408,66.79835693604689,46.44510058950297,41.95232424964445,0.39947369428922724,3,0,211.37637195946854,234.76746656666538,363.0804366968448,286.7547042695749,248.30919112139284
2026-01-30 20:01:43.170869,29.352854140926446,78.55637858804951,11.799210246778284,92.36089205274928,70.2781569931783,39.483891235337516,0.2339513936880294,4,0,333.4420881568359,211.37637195946854,234.76746656666538,363.0804366968448,267.24750326493984
2026-01-31 20:01:43.170869,35.409733339184896,69.13434903223701,4.8461244894097595,72.23001185803167,63.591635638791956,41.32681174699814,0.4243526282076882,5,1,283.8804221100511,333.4420881568359,211.37637195946854,234.76746656666538,266.3660479227407
2026-02-01 20:01:43.170869,28.8299170462692,83.76795812558066,12.640522074553946,64.94371043322941,67.01260198547118,37.08620671194209,0.7666691496165821,6,1,248.172446687376,283.8804221100511,333.4420881568359,211.37637195946854,280.2105623495452
2026-02-02 20:01:43.170869,31.541054234132403,57.26210800896427,8.594741712625595,60.7989600468859,69.78374260295327,27.805914208617857,0.585040638379135,0,0,288.47210685988875,248.172446687376,283.8804221100511,333.4420881568359,280.45590557673296
2026-02-03 20:01:43.170869,34.019949115921825,52.55345296688583,16.203217744943622,65.46295470267808,72.6944293712354,39.32860418906848,0.6028874892003242,1,0,266.3371634673434,288.47210685988875,248.172446687376,283.8804221100511,266.6354379725184
2026-02-04 20:01:43.170869,35.46302077668049,47.212797510957216,8.736880103488046,64.17734772188157,82.19399683912447,47.1137406804997,0.5793692921825839,2,0,297.6313300117106,266.3371634673434,288.47210685988875,248.172446687376,275.61598989323915
2026-02-05 20:01:43.170869,27.198814371776894,79.96044311489183,9.769082833926102,72.55624333563232,68.19637313857025,44.631077011207964,0.3193952833756621,3,0,301.7171033070427,297.6313300117106,266.3371634673434,288.47210685988875,288.5218086571784
2026-02-06 20:01:43.170869,30.661995056636208,71.54365656354058,2.552296345272346,72.40860971574797,55.17484690762915,44.82698742295585,0.4510003184613681,4,0,291.0940618105157,301.7171033070427,297.6313300117106,266.3371634673434,282.47209060770405
2026-02-07 20:01:43.170869,30.100218755356174,64.44415329089544,9.738468403754617,70.04569030230121,73.45147402405462,46.18065360903109,0.6505638790179911,5,1,278.7414222468709,291.0940618105157,301.7171033070427,297.6313300117106,281.73794777010687
2026-02-08 20:01:43.170869,29.386683069705153,67.7996862631982,1.0,76.55407254619524,97.9976386979043,40.44328795480719,0.2608237385318955,6,1,363.59130558817265,278.7414222468709,291.0940618105157,301.7171033070427,298.2263561845064
2026-02-09 20:01:43.170869,39.061816961124386,53.74510952701623,4.0804858825713834,87.85969412179512,57.34732507234853,40.98657853702798,0.3667116656538274,0,0,309.8263316419885,363.59130558817265,278.7414222468709,291.0940618105157,301.2769597248063
2026-02-10 20:01:43.170869,33.61992684384382,89.45751979616827,15.802073280721487,84.24331203161985,40.50941390658717,36.91174052282825,0.3657914650795122,1,0,225.94710260702604,309.8263316419885,363.59130558817265,278.7414222468709,295.5069510304753
2026-02-11 20:01:43.170869,26.95646418265982,66.29221181975228,15.929000793254161,47.726530473251444,82.14161338573945,38.41963571986475,0.45921135655670364,2,0,271.8818771949215,225.94710260702604,309.8263316419885,363.59130558817265,291.828457770934
2026-02-12 20:01:43.170869,35.671447788219105,66.09394794604893,14.127287808924823,31.691182976470678,57.59237672092804,43.07885574885571,0.7882212445653112,3,0,197.36890803669166,271.8818771949215,225.94710260702604,309.8263316419885,276.9215727323124
2026-02-13 20:01:43.170869,40.48862478805053,72.25766623898691,7.165119284353935,84.01479866858911,16.546609079719275,46.01942218584408,0.24050152801029318,4,0,206.11505700048602,197.36890803669166,271.8818771949215,225.94710260702604,264.7817149023082
2026-02-14 20:01:43.170869,36.12986104220459,69.81009231736714,11.7614432192901,49.49681952376868,76.94843354300843,39.302768621595,0.5112205966283571,5,1,260.14312178475757,206.11505700048602,197.36890803669166,271.8818771949215,262.124814836292
2026-02-15 20:01:43.170869,25.922520136183948,67.23884024279131,11.981987304547157,66.62851897160975,49.29343628092155,37.74905367574294,0.3076188092073263,6,1,226.34839509985207,260.14312178475757,206.11505700048602,197.36890803669166,242.5186847665319
2026-02-16 20:01:43.170869,30.063063708534994,57.09525544554688,6.208176554037286,52.448304609109606,58.189334353916784,40.002639794282985,0.7824059272458466,0,0,225.8702971693889,226.34839509985207,260.14312178475757,206.11505700048602,230.52496555616054
2026-02-17 20:01:43.170869,37.06764459674649,69.71468357135996,19.51699150883575,42.970293436299706,66.63960661138029,43.00603374464558,0.26798210283647855,1,0,212.37653180767492,225.8702971693889,226.34839509985207,260.14312178475757,228.5863125848247
2026-02-18 20:01:43.170869,29.169322137524876,83.82024496475034,16.386811452878355,78.12194092307182,63.809993595581325,32.78072591933229,0.4421606014169548,2,0,273.89064566384553,212.37653180767492,225.8702971693889,226.34839509985207,228.87327950895664
2026-02-19 20:01:43.170869,33.775277712584916,78.45420046154977,10.89517913085168,81.3873274045397,74.1890363427808,28.51909523431381,0.6427309909007638,3,0,301.8497839554423,273.89064566384553,212.37653180767492,225.8702971693889,243.79911892592105
2026-02-20 20:01:43.170869,35.098536213717345,80.93186626639397,12.134429194972654,61.35234398909921,51.29027258860313,37.24731575254208,0.6227326568164673,4,0,246.3397650812848,301.8497839554423,273.89064566384553,212.37653180767492,249.54550579460656
2026-02-21 20:01:43.170869,28.29227811368767,59.88784323568815,13.041914039737762,31.134365617826354,70.26211596352165,33.89643787042921,0.4536371821363594,5,1,214.68400279368052,246.3397650812848,301.8497839554423,273.89064566384553,243.05134593873845
2026-02-22 20:01:43.170869,31.7618985757528,55.10395179741419,1.7913256578785468,61.806333276212754,54.80906644832166,37.45929901176345,0.407914500771631,6,1,256.22976429831584,214.68400279368052,246.3397650812848,301.8497839554423,247.3201129670904
2026-02-23 20:01:43.170869,19.03493063972371,63.74213079900352,10.764113087397016,75.8770600810382,74.77620961775006,39.26109840591264,0.43856742713172236,0,0,303.048959184499,256.22976429831584,214.68400279368052,246.3397650812848,258.34563611210615
2026-02-24 20:01:43.170869,27.90244943466284,65.55724912288694,8.590078760011007,47.81632646838807,72.30734968026107,37.733757954884936,0.35856575789518363,1,0,276.3669159472243,303.048959184499,256.22976429831584,214.68400279368052,267.4871195606132
2026-02-25 20:01:43.170869,30.98972739442736,75.94191518470949,6.991899950525422,72.75039879668734,41.29122595910809,47.26233767235372,0.3231997632240799,2,0,253.49235195469828,276.3669159472243,303.048959184499,256.22976429831584,264.5730776021636
2026-02-26 20:01:43.170869,27.008867272140602,48.07535370285181,10.594498535570226,69.77035226240507,81.71964232350064,41.6337238230116,0.489823818535334,3,0,310.4159501666538,253.49235195469828,276.3669159472243,303.048959184499,265.79681563233663
2026-02-27 20:01:43.170869,38.52964521572654,80.29550319460614,20.988432634247612,78.68937249401633,49.28073109771904,41.50237179805414,0.36112025364056444,4,0,227.75304258651477,310.4159501666538,253.49235195469828,276.3669159472243,263.1415695616552
2026-02-28 20:01:43.170869,26.27943448815747,63.419921014210104,15.20421430633505,71.79370552621229,76.1611559656229,43.11103572021701,0.37247699893835007,5,1,304.58721138471697,227.75304258651477,310.4159501666538,253.49235195469828,275.98488507466044
2026-03-01 20:01:43.170869,30.239822053212066,60.7311893005258,9.144105051086015,55.40396588677667,67.34574626802682,34.30583441109616,0.5940536380847343,6,1,231.2036530494853,304.58721138471697,227.75304258651477,310.4159501666538,272.40972632482743
2026-03-02 20:01:43.170869,32.52296230914437,54.87895624739832,14.862913906780793,87.94857252496737,96.76367353590246,45.195558937101346,0.7811223990199354,0,0,342.99530290527645,231.2036530494853,304.58721138471697,227.75304258651477,278.1163468563671
2026-03-03 20:01:43.170869,37.76509315626446,48.451433281342304,18.99677718293001,67.62205640459545,55.53068035256295,39.6211785673227,0.5621823203356251,1,0,215.47229655865758,342.99530290527645,231.2036530494853,304.58721138471697,269.4171155151433
2026-03-04 20:01:43.170869,26.256551395282244,73.23170583961914,16.623168414563843,69.59043190735102,53.01366407763605,43.35240308620606,0.2461876802389798,2,0,244.98568185805343,215.47229655865758,342.99530290527645,231.2036530494853,268.20187692990834
2026-03-05 20:01:43.170869,36.65265500861984,65.73317967188405,12.29815184960087,56.00098061390206,59.611607882245345,34.64071383479922,0.24535016831244022,3,0,249.9562338891264,244.98568185805343,215.47229655865758,342.99530290527645,259.56477460454727
2026-03-06 20:01:43.170869,32.04093224407835,52.10039100258946,8.765316111472131,63.35076623212734,53.93640434331449,32.23120616991968,0.7708539325073396,4,0,246.53328028660624,249.9562338891264,244.98568185805343,215.47229655865758,262.24766570456035
2026-03-07 20:01:43.170869,28.073965395808195,52.04921227936384,15.49111656806795,56.727959289596484,75.998838038841,44.08944829012514,0.3783744741844002,5,1,233.65691575323456,246.53328028660624,249.9562338891264,244.98568185805343,252.11476632863426
2026-03-08 20:01:43.170869,33.848413897053085,61.64215300709872,13.967426927108749,67.40580910114866,27.673787831268243,41.882047630487584,0.2552401916494853,6,1,191.93377986933893,233.65691575323456,246.53328028660624,249.9562338891264,246.50478444575623
2026-03-09 20:01:43.170869,32.796238782293884,81.69021525289392,16.475966100138663,95.67562720213516,38.92635161707292,35.48974222821245,0.559426752290229,0,0,236.71719159474586,191.93377986933893,233.65691575323456,246.53328028660624,231.3221971156804
2026-03-10 20:01:43.170869,29.59913249136482,62.40408648636395,15.175859008409848,49.421482856029655,38.64394156841614,35.65168459362653,0.5741892669741597,1,0,174.5642961426711,236.71719159474586,191.93377986933893,233.65691575323456,225.4781970562538
2026-03-11 20:01:43.170869,32.27920833996008,49.96857046881894,17.247763576596675,45.79657903184888,79.00615183947151,45.62717392207385,0.5891028920712129,2,0,256.36999337987896,174.5642961426711,236.71719159474586,191.93377986933893,227.10452727365742
2026-03-12 20:01:43.170869,30.45874561255296,62.54256935914056,9.32382394219716,92.06755491240412,94.2122674516385,34.05294053566336,0.3604412167145248,3,0,375.24511056254994,256.36999337987896,174.5642961426711,236.71719159474586,245.00293822700365
2026-03-13 20:01:43.170869,32.45406938100499,62.27276430252329,18.586970328171628,66.86014484272201,57.91101562925057,48.21336476627982,0.20906641052868502,4,0,247.9192906434657,375.24511056254994,256.36999337987896,174.5642961426711,245.20093970655498
2026-03-14 20:01:43.170869,34.648522698084186,38.03113357058429,12.987998023461998,59.963908920101254,56.623565536199784,35.496896326760655,0.7790092216726832,5,1,222.66877229181202,247.9192906434657,375.24511056254994,256.36999337987896,243.63120492635178
2026-03-15 20:01:43.170869,38.34406726458141,64.45705133482188,22.376304363126327,85.59857031094114,61.40104326226363,43.191959628041914,0.3505358274146615,6,1,258.2030462923613,222.66877229181202,247.9192906434657,375.24511056254994,253.0982429867836
2026-03-16 20:01:43.170869,27.048738004692602,62.69065469791322,8.55406090955216,60.91576690394704,83.23756605216381,38.356907621255075,0.6056157728315286,0,0,293.40844697828106,258.2030462923613,222.66877229181202,247.9192906434657,261.19699375586003
2026-03-17 20:01:43.170869,40.532133498625065,71.96206364813418,20.679819015826247,97.39014570320404,41.45293731618852,43.01593715541171,0.6239779219272259,1,0,242.17358345676092,293.40844697828106,258.2030462923613,222.66877229181202,270.85546337215857
2026-03-18 20:01:43.170869,24.19164880190999,83.48956094945345,12.98955391731324,80.16888807008904,64.7673796546957,37.27942998942903,0.5660044502476915,2,0,279.5486843012843,242.17358345676092,293.40844697828106,258.2030462923613,274.1667049323593
2026-03-19 20:01:43.170869,31.392859619857667,76.26565029547757,8.742909981927758,62.68132887781446,79.5039525956486,39.186035469638526,0.38774443652818896,3,0,291.2811593318193,279.5486843012843,242.17358345676092,293.40844697828106,262.17185475654065
2026-03-20 20:01:43.170869,34.35326882593831,62.31111309445169,9.580570829728392,100.0,70.0218833987969,40.20459587697861,0.3626577522584395,4,0,347.34932816237546,291.2811593318193,279.5486843012843,242.17358345676092,276.3761458306706
2026-03-21 20:01:43.170869,33.12396747094013,53.934740912583294,10.3982634590284,60.914276154949924,63.79163233197487,34.98906272109264,0.5586009696216219,5,1,245.6495142036999,347.34932816237546,291.2811593318193,279.5486843012843,279.65910896094033
2026-03-22 20:01:43.170869,29.509201920717626,90.7335980324986,14.120829732009582,81.13143058013961,80.02092185134282,43.70412172710063,0.719657380167015,6,1,290.34955747743913,245.6495142036999,347.34932816237546,291.2811593318193,284.2514677016657
2026-03-23 20:01:43.170869,31.1675109985709,65.59218434014488,14.614177440177498,74.48938870609737,5.9353541400152565,37.43393216764208,0.7680402373540374,0,0,156.5368617077119,290.34955747743913,245.6495142036999,347.34932816237546,264.6983840915844
2026-03-24 20:01:43.170869,30.02799626136467,65.13929291912946,9.131499980307105,89.52611934098198,73.55750639061816,38.85700042329991,0.2635434826422546,1,0,329.48199906124256,156.5368617077119,290.34955747743913,245.6495142036999,277.17101489222466
2026-03-25 20:01:43.170869,29.642540972223152,64.75874912889996,11.878227038695085,93.42266795090279,46.918486337451526,35.02825312695744,0.29289716755863193,2,0,273.485552492348,329.48199906124256,156.5368617077119,290.34955747743913,276.30485320523377
2026-03-26 20:01:43.170869,35.3984083880841,66.98084760767856,22.71135179305932,70.4800622359865,23.387342062870864,27.188331706023448,0.7668417552698479,3,0,150.56406189298013,273.485552492348,329.48199906124256,156.5368617077119,256.202410713971
2026-03-27 20:01:43.170869,33.428061943860186,63.556395880760576,20.637715850503557,58.69873194480725,70.22405199049962,39.04486118699916,0.6419211370008756,4,0,242.78897922311438,150.56406189298013,273.485552492348,329.48199906124256,241.2652180083623
2026-03-28 20:01:43.170869,29.228361618957383,59.26337993119763,14.181618348370161,76.89958214408675,87.47317090325916,52.063077108064576,0.729796294897864,5,1,300.64646219758095,242.78897922311438,150.56406189298013,273.485552492348,249.121924864631
2026-03-29 20:01:43.170869,35.598399501733006,59.53141058759608,12.190017390841001,59.834269453718406,57.251029707446165,43.92302143949012,0.32157958048120594,6,1,225.2673904496987,300.64646219758095,242.78897922311438,150.56406189298013,239.82447243209668
2026-03-30 20:01:43.170869,33.22919808350644,64.67246729784002,12.600156633591306,100.0,79.05749094405877,39.903698101328025,0.5525515226656412,0,0,339.87570389478924,225.2673904496987,300.64646219758095,242.78897922311438,266.0157356016792
2026-03-31 20:01:43.170869,35.25144847535584,59.56575228866235,15.067589863652083,72.04802996624106,92.24556515977291,38.685545853958665,0.6206837566504843,1,0,312.30338946274827,339.87570389478924,225.2673904496987,300.64646219758095,263.5616485161799
2026-04-01 20:01:43.170869,34.51851536769445,57.871542173228356,6.886037174007972,64.52017673031837,86.29828907168095,40.11232946406023,0.6080671312681837,2,0,309.13030951146635,312.30338946274827,339.87570389478924,225.2673904496987,268.6537566617682
2026-04-02 20:01:43.170869,28.68401995631171,66.06430227691897,10.713117312883274,72.77020458797362,92.79929058742786,42.73559557587605,0.4448910145200189,3,0,316.6673959998948,309.13030951146635,312.30338946274827,339.87570389478924,292.3828043913275
2026-04-03 20:01:43.170869,29.759275839212123,62.450227825791444,3.6570796306120528,49.793105657054554,74.84254982143784,34.09593592345578,0.2092369350147851,4,0,286.5254863842744,316.6673959998948,309.13030951146635,312.30338946274827,298.6308768429218
2026-04-04 20:01:43.170869,34.98917442049305,80.0399298858269,13.996115613026397,55.42578942234023,61.50867277803186,45.57160847334436,0.549755634082558,5,1,205.1455261839777,286.5254863842744,316.6673959998948,309.13030951146635,284.9878859838356
2026-04-05 20:01:43.170869,34.44148106173386,38.49030191606988,15.235979698513706,88.00620861916639,27.960683762056632,43.57690657720622,0.3518609235077653,6,1,201.87748716881745,205.1455261839777,286.5254863842744,316.6673959998948,281.64647122942404
2026-04-06 20:01:43.170869,31.916393624143407,75.91506851922462,9.58406768850313,60.14658581542906,55.078750237401024,43.59092862853967,0.4701525476857343,0,0,237.14388389941143,201.87748716881745,205.1455261839777,286.5254863842744,266.97049694437004
2026-04-07 20:01:43.170869,32.469309533235126,77.4608519249763,19.869933816450164,54.296335259770906,43.13506809367617,42.192378694048635,0.7745486090502904,1,0,186.55695160364814,237.14388389941143,201.87748716881745,205.1455261839777,249.00672010735576
2026-04-08 20:01:43.170869,37.1106595831537,44.2660976759185,5.871171684988294,78.04979128790929,100.0,40.09808328846995,0.43942119058546086,2,0,362.62010373030984,186.55695160364814,237.14388389941143,201.87748716881745,256.6481192814763
2026-04-09 20:01:43.170869,29.63371444465668,61.573124059196516,4.678125598950899,87.78556231994496,56.482283751353265,43.3643061798341,0.7038809639986561,3,0,284.0361614394706,362.62010373030984,186.55695160364814,237.14388389941143,251.98651434427282
2026-04-10 20:01:43.170869,34.188389524680154,61.28559134004209,13.12225909279986,80.784299659976,62.464096135689715,42.95907066870689,0.3131243634495507,4,0,282.1842164962816,284.0361614394706,362.62010373030984,186.55695160364814,251.3663329317024
2026-04-11 20:01:43.170869,31.191229390264425,50.924883052821784,17.235491513060772,84.94071528708724,71.02970752080935,38.22979644529488,0.6034762988150173,5,1,268.07164840525155,282.1842164962816,284.0361614394706,362.62010373030984,260.3557789633129
2026-04-12 20:01:43.170869,31.129275187091118,57.22183312409125,20.419638457289345,58.64807367145809,60.87204892744907,37.13199113551549,0.7862041726633662,6,1,214.33817260672527,268.07164840525155,282.1842164962816,284.0361614394706,262.1358768830141
2026-04-13 20:01:43.170869,36.39510740794876,53.894241545341714,9.7055786856553,48.67283999887235,93.90102080861506,40.50928147630994,0.2611358605237621,0,0,300.52515905916573,214.33817260672527,268.07164840525155,282.1842164962816,271.19034476297895
2026-04-14 20:01:43.170869,35.30166539595212,82.52270443423623,17.39340416715648,92.5200047793323,47.54701276531096,47.74510075747594,0.20499196533631522,1,0,263.09755102975737,300.52515905916573,214.33817260672527,268.07164840525155,282.124716109566
2026-04-15 20:01:43.170869,35.254038544002555,74.35678393147461,11.807457652496463,65.15980241736797,63.89214910474485,33.804464621730496,0.46014967557956865,2,0,268.1485392005588,263.09755102975737,300.52515905916573,214.33817260672527,268.62877831960157
2026-04-16 20:01:43.170869,37.22191522861732,77.71555094994159,11.136863500295902,66.23750475317429,45.15058828603904,32.6623736712378,0.25557528983082034,3,0,246.57080730090388,268.1485392005588,263.09755102975737,300.52515905916573,263.2765848712349
2026-04-17 20:01:43.170869,32.084015366531034,72.21672064043236,16.41829968743336,89.92291212773587,33.599549775585885,40.82380420618259,0.6490306098057389,4,0,218.80639235398348,246.57080730090388,268.1485392005588,263.09755102975737,254.2226099937637
2026-04-18 20:01:43.170869,34.727811885179854,53.70948228782771,15.261614392067099,78.3434501410099,47.76461818189429,40.25443850928009,0.7487291983091355,5,1,200.61140958341366,218.80639235398348,246.57080730090388,268.1485392005588,244.5854330192155
2026-04-19 20:01:43.170869,30.758932973626177,59.75479733720226,4.118039215078753,76.83831658122412,59.25926405903176,40.866708321852045,0.46041258362525533,6,1,273.5469517144032,200.61140958341366,218.80639235398348,246.57080730090388,253.043830034598
2026-04-20 20:01:43.170869,33.29666540995377,69.89374561227918,19.38270174862948,100.0,51.4139555096548,41.2197659895425,0.3552269852932646,0,0,288.88296455572197,273.5469517144032,200.61140958341366,218.80639235398348,251.38065939124888
2026-04-21 20:01:43.170869,31.47942778252926,52.778721911080545,18.900456770737257,60.347226544297854,46.15158040252288,38.883988726825976,0.4606419914039659,1,0,205.3151869180993,288.88296455572197,273.5469517144032,200.61140958341366,243.12603594672632
2026-04-22 20:01:43.170869,32.38798385997087,72.12998430172388,8.872186492452354,83.91760192121856,31.873650726563323,47.44931719301041,0.6340686907100006,2,0,231.97934793610835,205.3151869180993,288.88296455572197,273.5469517144032,237.9590086232334
2026-04-23 20:01:43.170869,34.380628101747654,62.59674601841865,13.979017667187046,70.85519687345626,58.337888547426104,31.99548010761742,0.2054324969482226,3,0,253.4081874637262,231.97934793610835,205.3151869180993,288.88296455572197,238.9357772179223
2026-04-24 20:01:43.170869,28.72711726706611,61.251791924504026,14.470150931413695,74.02888418294886,29.905592519379955,35.85751487609877,0.5536723936908183,4,0,185.7758049045708,253.4081874637262,231.97934793610835,205.3151869180993,234.2171218680062
2026-04-25 20:01:43.170869,40.36954910274184,72.10959968203491,13.303368829119535,92.92702639618798,75.20111927379205,39.48372619925476,0.5679750109324275,5,1,309.86029677880634,185.7758049045708,253.4081874637262,231.97934793610835,249.82410575306227
2026-04-26 20:01:43.170869,27.975930474001192,69.4426331148604,9.2484742307729,77.61753634434436,61.64879505869006,31.784055944229163,0.5826129481375614,6,1,248.84849662702413,309.86029677880634,185.7758049045708,253.4081874637262,246.29575502629385
2026-04-27 20:01:43.170869,27.143245548849073,61.3903383418092,8.641883160309742,78.07444118574449,30.84897001070139,39.12072797783964,0.3452132479885264,0,0,233.23374145763904,248.84849662702413,309.86029677880634,185.7758049045708,238.345866012282
2026-04-28 20:01:43.170869,36.63244349400027,76.59329803364248,11.872229645042774,86.08761005964703,53.81581845900273,48.30735082864009,0.6284316340268761,1,0,263.07928813239926,233.23374145763904,248.84849662702413,309.86029677880634,246.59788047146773
2026-04-29 20:01:43.170869,35.16665077585174,54.189366724001026,17.86364509629682,64.52570905685673,44.95687188818834,40.10443244147981,0.2548348917990659,2,0,216.7349004475587,263.07928813239926,233.23374145763904,248.84849662702413,244.42010225881776
2026-04-30 20:01:43.170869,34.49647926820862,71.15935606944264,14.718000772972161,57.4118549899149,66.3834902083836,41.153504528593416,0.3195622018800805,3,0,235.8934653593686,216.7349004475587,263.07928813239926,233.23374145763904,241.9179991010524
2026-05-01 20:01:43.170869,34.51338203705712,70.93101257968384,10.14692833956947,54.327862089684494,86.80900892046289,33.6991761741371,0.7264820279926893,4,0,286.2667016208417,235.8934653593686,216.7349004475587,263.07928813239926,256.2738414890911
2026-05-02 20:01:43.170869,31.95101290861234,61.904535606860094,15.858493553241724,40.50465115935997,22.496550607085112,36.91819295980261,0.6432338904359398,5,1,100.92372834003179,286.2667016208417,235.8934653593686,216.7349004475587,226.4257602835519
2026-05-03 20:01:43.170869,28.410982514056673,68.26133022242118,1.0,100.0,62.30052158294834,38.12401809838032,0.20824733240680715,6,1,306.83955027730264,100.92372834003179,286.2667016208417,235.8934653593686,234.71019651930598
2026-05-04 20:01:43.170869,32.3032182327749,52.488864236146966,17.743828501860516,53.451874514174754,56.797344088667195,38.41142451621883,0.34902575622188015,0,0,225.51218601703945,306.83955027730264,100.92372834003179,286.2667016208417,233.6071171706489
2026-05-05 20:01:43.170869,29.291353153951555,74.240270192069,3.3014311061095025,66.68119564621342,73.42680152900931,46.40821897501884,0.32864388979589876,1,0,324.8197740360796,225.51218601703945,306.83955027730264,100.92372834003179,242.42718658546033
2026-05-06 20:01:43.170869,35.900478933671,63.15097863557011,10.187795292984339,65.84780050166619,64.26393256475379,42.788455303625625,0.36248379682218357,2,0,285.2005391051555,324.8197740360796,225.51218601703945,306.83955027730264,252.20799210797418
2026-05-07 20:01:43.170869,31.411770473991446,59.772769794809605,6.401650526869281,74.61110046713651,44.96061336522362,34.44271021531484,0.34853586216793186,3,0,262.9004673849746,285.2005391051555,324.8197740360796,225.51218601703945,256.0661352544893
2026-05-08 20:01:43.170869,28.698011212829954,75.49009225836889,5.526592621395471,82.23605818808946,53.618921286667636,41.232523892160025,0.23751577744570745,4,0,284.857768905569,262.9004673849746,285.2005391051555,324.8197740360796,255.8648591523075
2026-05-09 20:01:43.170869,30.714456633388025,57.95656309457241,17.804133936892597,82.90710232539618,44.079482863930224,42.491108742483924,0.47536430995809226,5,1,227.16448567715273,284.857768905569,262.9004673849746,285.2005391051555,273.8992530576105
2026-05-10 20:01:43.170869,33.651725817102495,50.91538703636441,9.661493993440544,61.25383842146592,81.52014277197196,45.700745192606334,0.6396400848716992,6,1,290.642500540679,227.16448567715273,284.857768905569,262.9004673849746,271.58538880952136
2026-05-11 20:01:43.170869,29.7451017887841,49.433708264760966,13.732519408653578,67.49317429320382,60.42623297343884,47.90270343284187,0.5640390348304619,0,0,252.0805270112406,290.642500540679,227.16448567715273,284.857768905569,275.3808660944073
2026-05-12 20:01:43.170869,28.711118417734273,71.0600995134564,11.76539710560408,74.2386992573245,98.02381371506016,34.924529040860655,0.6037230011588479,1,0,327.39245100307835,252.0805270112406,290.642500540679,227.16448567715273,275.7483913754071
2026-05-13 20:01:43.170869,32.974748845967646,52.19570647503717,14.385204136115608,66.26963310724679,58.786783723707586,35.94571244394831,0.2486895071217435,2,0,250.04785299141415,327.39245100307835,252.0805270112406,290.642500540679,270.72657907344404
2026-05-14 20:01:43.170869,32.97986628443489,82.54794181984364,12.384109455301276,94.1101836402999,45.831864661790746,33.712110705426916,0.7708944261060724,3,0,277.25879638829275,250.04785299141415,327.39245100307835,252.0805270112406,272.7777689310609
2026-05-15 20:01:43.170869,29.97222729851548,44.18070592116278,5.5850388790571515,77.36462427457377,29.725712147743458,38.829900704465096,0.703095100305815,4,0,219.68158246828628,277.25879638829275,250.04785299141415,327.39245100307835,263.4668851543062
2026-05-16 20:01:43.170869,30.11584677752671,81.96456368290038,16.9813340972357,81.02316679074727,23.9372064748811,42.331791872231676,0.6830541910973977,5,1,138.27456834952432,219.68158246828628,277.25879638829275,250.04785299141415,250.76832553607363
2026-05-17 20:01:43.170869,32.92819974943055,67.11017467202619,9.531217084193438,79.94321903001119,28.317281139890206,44.93667258294551,0.6937902830250606,6,1,183.68250486157513,138.27456834952432,219.68158246828628,277.25879638829275,235.48832615334453
2026-05-18 20:01:43.170869,26.207662634010703,64.03286888129608,4.217090506701245,87.60210786227987,65.34253302022967,39.620244881787386,0.759626304879657,0,0,302.6160567063169,183.68250486157513,138.27456834952432,219.68158246828628,242.7076875383554
2026-05-19 20:01:43.170869,26.370144902493777,59.550809131910505,9.859424195170437,72.7153233805556,70.17450046459868,38.40076238372578,0.5265523796682187,1,0,297.52017895748065,302.6160567063169,183.68250486157513,138.27456834952432,238.44022010327004
2026-05-20 20:01:43.170869,29.126223114990257,68.9913611435207,19.503798953171554,50.5475207806623,28.376185959357333,40.7587899612437,0.3201692107205756,2,0,151.04096741858797,297.52017895748065,302.6160567063169,183.68250486157513,224.296379307152
2026-05-21 20:01:43.170869,31.146211393152612,64.62365297575151,16.251108710567465,75.99531927628962,77.90076628152231,35.824285491849885,0.5700701647115247,3,0,303.1820570060236,151.04096741858797,297.52017895748065,302.6160567063169,227.99970225254214
2026-05-22 20:01:43.170869,33.24363026239202,76.03301882016521,10.256739327960704,60.22964659312257,50.33877896633121,50.44769360847387,0.6457288962007635,4,0,222.36850421214274,303.1820570060236,151.04096741858797,297.52017895748065,228.3835482159502
2026-05-23 20:01:43.170869,37.901424867798205,66.1422764866204,10.253711478407856,62.07074977375365,62.93586023971099,31.961694864409708,0.6427504360124153,5,1,223.36884057520336,222.36850421214274,303.1820570060236,151.04096741858797,240.53987281961864
2026-05-24 20:01:43.170869,35.43063849280808,66.50301761461877,10.391824743913087,78.7954602813264,92.24441256510849,40.92370289447862,0.5128694145001281,6,1,324.11607891784314,223.36884057520336,222.36850421214274,303.1820570060236,260.60181197051406
2026-05-25 20:01:43.170869,31.36024588014629,61.36387787786144,22.383739917804206,88.57424607150453,77.93678631731063,50.1180310961482,0.24107523160014685,0,0,309.67290795489913,324.11607891784314,223.36884057520336,222.36850421214274,261.60993357745434
2026-05-26 20:01:43.170869,31.923935168389246,64.43054376278933,13.909677261157768,70.31907365104092,54.629387041883355,40.03399922279999,0.42266776305807674,1,0,250.86462959329913,309.67290795489913,324.11607891784314,223.36884057520336,254.94485509685703
2026-05-27 20:01:43.170869,27.989882541448765,68.0780176889206,14.150208235955349,74.63249518898445,42.17615549169425,39.04980482499253,0.7524599650780146,2,0,204.79559800279443,250.86462959329913,309.67290795489913,324.11607891784314,262.6240880374579
2026-05-28 20:01:43.170869,31.92594745603044,47.89831607343375,17.15141727015921,95.53322416952857,16.9636919734139,38.212772885947864,0.5506693458544557,3,0,195.2796083600665,204.79559800279443,250.86462959329913,309.67290795489913,247.20945251660692
2026-05-29 20:01:43.170869,30.845365444319448,51.518145778942866,13.193945795132567,73.61129769232852,45.616933615151595,39.09804159118796,0.5229991659534281,4,0,260.2453994051622,195.2796083600665,204.79559800279443,250.86462959329913,252.62043754418113
2026-05-30 20:01:43.170869,33.290874241352356,72.43264094022715,2.704789270896484,125.0,90.77739522344612,46.86424237338265,0.2613121086293162,5,1,398.26620286847896,260.2453994051622,195.2796083600665,204.79559800279443,260.46291787179194
2026-05-31 20:01:43.170869,28.69107622579071,66.70865438127942,3.0182507545751083,103.48264468447316,75.25640945697631,28.940690443352466,0.32106935194994735,6,1,349.0118505532591,278.26620286847896,260.2453994051622,195.2796083600665,246.8765995339942
2026-06-01 20:01:43.170869,34.07738605696469,63.16016663647321,3.64199370292968,68.58855861266274,92.3748606581539,47.66716850648163,0.6372076534919017,0,0,309.98328141600507,229.01185055325908,278.26620286847896,260.2453994051622,229.77808145700934
2026-06-02 20:01:43.170869,38.130955652010314,65.18433933065393,3.813888817450792,106.30012431656799,96.53703765917535,32.88021423774927,0.4998778285161015,1,0,410.19660096579446,189.98328141600507,229.01185055325908,278.26620286847896,235.39693451022296
2026-06-03 20:01:43.170869,31.56495940617257,68.47581705361671,7.6381477181849,100.71737577324167,90.50288036383843,38.666738353827924,0.5724322160513998,2,0,357.17271441173693,290.19660096579446,189.98328141600507,229.01185055325908,240.0222368543576
2026-06-04 20:01:43.170869,33.606846888395765,59.60240319690639,4.259729429036497,114.34629131124119,81.9999483835308,37.85377789850669,0.3726072538405931,3,0,389.01609857234166,237.17271441173693,290.19660096579446,189.98328141600507,250.5560211703969
2026-06-05 20:01:43.170869,34.76057596684445,57.216952745976876,7.6632003860778966,105.09772026904938,98.37309343933455,42.942766348853596,0.47814833167369486,4,0,379.8553483325778,269.01609857234166,237.17271441173693,290.19660096579446,250.50029958859915
